Id,Street,Alley,Utilities,LotFrontage,YearBuilt,YearRemodAdd,Fireplaces,FireplaceQu,GarageType,GarageYrBlt,GarageFinish,GarageCars,PoolArea,PoolQC,Fence,SalePrice
1,Pave,,AllPub,65.0,2003,2003,0,,Attchd,2003.0,RFn,2,0,,,208500
2,Pave,,AllPub,80.0,1976,1976,1,TA,Attchd,1976.0,RFn,2,0,,,181500
3,Pave,,AllPub,68.0,2001,2002,1,TA,Attchd,2001.0,RFn,2,0,,,223500
4,Pave,,AllPub,60.0,1915,1970,1,Gd,Detchd,1998.0,Unf,3,0,,,140000
5,Pave,,AllPub,84.0,2000,2000,1,TA,Attchd,2000.0,RFn,3,0,,,250000
6,Pave,,AllPub,85.0,1993,1995,0,,Attchd,1993.0,Unf,2,0,,MnPrv,143000
7,Pave,,AllPub,75.0,2004,2005,1,Gd,Attchd,2004.0,RFn,2,0,,,307000
8,Pave,,AllPub,,1973,1973,2,TA,Attchd,1973.0,RFn,2,0,,,200000
9,Pave,,AllPub,51.0,1931,1950,2,TA,Detchd,1931.0,Unf,2,0,,,129900
10,Pave,,AllPub,50.0,1939,1950,2,TA,Attchd,1939.0,RFn,1,0,,,118000
11,Pave,,AllPub,70.0,1965,1965,0,,Detchd,1965.0,Unf,1,0,,,129500
12,Pave,,AllPub,85.0,2005,2006,2,Gd,BuiltIn,2005.0,Fin,3,0,,,345000
13,Pave,,AllPub,,1962,1962,0,,Detchd,1962.0,Unf,1,0,,,144000
14,Pave,,AllPub,91.0,2006,2007,1,Gd,Attchd,2006.0,RFn,3,0,,,279500
15,Pave,,AllPub,,1960,1960,1,Fa,Attchd,1960.0,RFn,1,0,,GdWo,157000
16,Pave,,AllPub,51.0,1929,2001,0,,Detchd,1991.0,Unf,2,0,,GdPrv,132000
17,Pave,,AllPub,,1970,1970,1,TA,Attchd,1970.0,Fin,2,0,,,149000
18,Pave,,AllPub,72.0,1967,1967,0,,CarPort,1967.0,Unf,2,0,,,90000
19,Pave,,AllPub,66.0,2004,2004,0,,Detchd,2004.0,Unf,2,0,,,159000
20,Pave,,AllPub,70.0,1958,1965,0,,Attchd,1958.0,Unf,1,0,,MnPrv,139000
21,Pave,,AllPub,101.0,2005,2006,1,Gd,BuiltIn,2005.0,RFn,3,0,,,325300
22,Pave,Grvl,AllPub,57.0,1930,1950,1,Gd,Attchd,1930.0,Unf,1,0,,GdPrv,139400
23,Pave,,AllPub,75.0,2002,2002,1,Gd,Attchd,2002.0,RFn,2,0,,,230000
24,Pave,,AllPub,44.0,1976,1976,1,TA,Attchd,1976.0,Unf,2,0,,,129900
25,Pave,,AllPub,,1968,2001,1,TA,Attchd,1968.0,Unf,1,0,,MnPrv,154000
26,Pave,,AllPub,110.0,2007,2007,1,Gd,Attchd,2007.0,RFn,3,0,,,256300
27,Pave,,AllPub,60.0,1951,2000,0,,Detchd,2005.0,Unf,2,0,,,134800
28,Pave,,AllPub,98.0,2007,2008,1,Gd,Attchd,2008.0,RFn,3,0,,,306000
29,Pave,,AllPub,47.0,1957,1997,2,Gd,Attchd,1957.0,RFn,1,0,,,207500
30,Pave,,AllPub,60.0,1927,1950,0,,Detchd,1920.0,Unf,1,0,,,68500
31,Pave,Pave,AllPub,50.0,1920,1950,0,,Detchd,1920.0,Unf,1,0,,MnPrv,40000
32,Pave,,AllPub,,1966,2006,0,,Attchd,1966.0,Unf,1,0,,MnPrv,149350
33,Pave,,AllPub,85.0,2007,2007,0,,Attchd,2007.0,RFn,2,0,,,179900
34,Pave,,AllPub,70.0,1959,1959,1,Gd,Attchd,1959.0,RFn,2,0,,,165500
35,Pave,,AllPub,60.0,2005,2005,1,Gd,Attchd,2005.0,Fin,2,0,,,277500
36,Pave,,AllPub,108.0,2004,2005,1,Gd,BuiltIn,2004.0,Fin,3,0,,,309000
37,Pave,,AllPub,112.0,1994,1995,0,,Attchd,1995.0,Unf,2,0,,,145000
38,Pave,,AllPub,74.0,1954,1990,1,TA,Attchd,1954.0,Fin,2,0,,,153000
39,Pave,,AllPub,68.0,1953,2007,0,,Detchd,1953.0,Unf,1,0,,,109000
40,Pave,,AllPub,65.0,1955,1955,0,,,,,0,0,,,82000
41,Pave,,AllPub,84.0,1965,1965,1,TA,Attchd,1965.0,RFn,2,0,,GdWo,160000
42,Pave,,AllPub,115.0,1959,1959,2,Gd,Attchd,1959.0,RFn,1,0,,,170000
43,Pave,,AllPub,,1983,1983,0,,Attchd,1983.0,RFn,2,0,,MnPrv,144000
44,Pave,,AllPub,,1975,1980,0,,Detchd,1977.0,Unf,1,0,,MnPrv,130250
45,Pave,,AllPub,70.0,1959,1959,0,,Attchd,1959.0,RFn,1,0,,,141000
46,Pave,,AllPub,61.0,2005,2005,1,Gd,Attchd,2005.0,RFn,2,0,,,319900
47,Pave,,AllPub,48.0,2003,2003,1,Ex,Attchd,2003.0,RFn,2,0,,,239686
48,Pave,,AllPub,84.0,2006,2006,0,,Attchd,2006.0,RFn,3,0,,,249700
49,Pave,,AllPub,33.0,1920,2008,0,,,,,0,0,,,113000
50,Pave,,AllPub,66.0,1966,1966,0,,Attchd,1966.0,Unf,1,0,,MnPrv,127000
51,Pave,,AllPub,,1997,1997,0,,Attchd,1997.0,Fin,2,0,,,177000
52,Pave,,AllPub,52.0,1934,1950,1,Gd,Detchd,1985.0,Unf,2,0,,MnPrv,114500
53,Grvl,,AllPub,110.0,1963,1963,0,,CarPort,1963.0,Unf,2,0,,,110000
54,Pave,,AllPub,68.0,1981,1987,1,Gd,Attchd,1981.0,Fin,3,0,,,385000
55,Pave,,AllPub,60.0,1955,1955,1,TA,Detchd,1962.0,Unf,2,0,,MnPrv,130000
56,Pave,,AllPub,100.0,1964,1964,1,Gd,Attchd,1964.0,RFn,2,0,,,180500
57,Pave,Pave,AllPub,24.0,1999,2000,0,,Attchd,1999.0,Fin,2,0,,,172500
58,Pave,,AllPub,89.0,2004,2004,0,,Attchd,2004.0,RFn,2,0,,,196500
59,Pave,,AllPub,66.0,2006,2006,1,Gd,BuiltIn,2006.0,Fin,3,0,,,438780
60,Pave,,AllPub,60.0,1972,1972,0,,Detchd,1973.0,Unf,1,0,,MnPrv,124900
61,Pave,,AllPub,63.0,2004,2004,0,,Detchd,2006.0,Unf,2,0,,,158000
62,Pave,,AllPub,60.0,1920,1996,0,,Detchd,1935.0,Unf,1,0,,,101000
63,Pave,,AllPub,44.0,2006,2006,1,Gd,Attchd,2006.0,RFn,2,0,,,202500
64,Pave,,AllPub,50.0,1921,1950,0,,Detchd,1990.0,Unf,2,0,,GdPrv,140000
65,Pave,,AllPub,,1997,1998,0,,Attchd,1998.0,RFn,2,0,,GdPrv,219500
66,Pave,,AllPub,76.0,2004,2005,1,Gd,BuiltIn,2004.0,RFn,3,0,,,317000
67,Pave,,AllPub,,1970,1989,1,Gd,Attchd,1970.0,RFn,2,0,,,180000
68,Pave,,AllPub,72.0,2003,2003,0,,Attchd,2003.0,RFn,2,0,,,226000
69,Pave,,AllPub,47.0,1945,1950,0,,Attchd,1945.0,Unf,1,0,,,80000
70,Pave,,AllPub,81.0,1953,1953,1,TA,Attchd,1953.0,Fin,2,0,,,225000
71,Pave,,AllPub,95.0,1973,1973,2,Gd,Attchd,1973.0,Fin,2,0,,,244000
72,Pave,,AllPub,69.0,1982,2006,0,,Detchd,1987.0,Unf,2,0,,,129500
73,Pave,,AllPub,74.0,1998,1998,1,TA,Attchd,1998.0,Fin,2,0,,,185000
74,Pave,,AllPub,85.0,1954,2003,0,,Attchd,1989.0,Unf,2,0,,GdWo,144900
75,Pave,,AllPub,60.0,1915,1950,0,,Detchd,1915.0,Unf,1,0,,,107400
76,Pave,,AllPub,21.0,1973,1973,0,,BuiltIn,1973.0,Unf,1,0,,GdWo,91000
77,Pave,,AllPub,,1956,1956,0,,Detchd,1956.0,Unf,1,0,,,135750
78,Pave,,AllPub,50.0,1948,2001,0,,Detchd,1948.0,Unf,1,0,,MnPrv,127000
79,Pave,,AllPub,72.0,1968,1968,0,,,,,0,0,,,136500
80,Pave,Grvl,AllPub,60.0,1910,1981,0,,Detchd,1966.0,Unf,2,0,,MnPrv,110000
81,Pave,,AllPub,100.0,1968,1968,1,Gd,Attchd,1968.0,Fin,1,0,,,193500
82,Pave,,AllPub,32.0,1998,1998,0,,Attchd,1998.0,Fin,2,0,,,153500
83,Pave,,AllPub,78.0,2007,2007,1,Gd,Attchd,2007.0,RFn,3,0,,,245000
84,Pave,,AllPub,80.0,1960,1960,0,,Detchd,1974.0,Unf,2,0,,,126500
85,Pave,,AllPub,,1995,1996,1,TA,BuiltIn,1995.0,Fin,2,0,,,168500
86,Pave,,AllPub,121.0,1991,1992,1,TA,Attchd,1991.0,Unf,2,0,,,260000
87,Pave,,AllPub,122.0,2005,2005,1,Gd,BuiltIn,2005.0,Fin,2,0,,,174000
88,Pave,Pave,AllPub,40.0,2009,2009,0,,Detchd,2009.0,RFn,2,0,,,164500
89,Pave,,AllPub,105.0,1915,1982,0,,,,,0,0,,MnPrv,85000
90,Pave,,AllPub,60.0,1994,1995,0,,,,,0,0,,,123600
91,Pave,,AllPub,60.0,1950,1950,0,,Detchd,1950.0,Unf,2,0,,,109900
92,Pave,,AllPub,85.0,1961,1961,0,,Attchd,1961.0,Unf,2,0,,GdWo,98600
93,Pave,Grvl,AllPub,80.0,1921,2006,0,,Detchd,1921.0,Unf,2,0,,,163500
94,Pave,,AllPub,60.0,1910,1998,1,Gd,Detchd,1900.0,Unf,2,0,,,133900
95,Pave,,AllPub,69.0,1997,1997,0,,Attchd,1997.0,RFn,2,0,,,204750
96,Pave,,AllPub,,1993,1993,1,TA,BuiltIn,1993.0,Fin,2,0,,,185000
97,Pave,,AllPub,78.0,1999,1999,0,,Attchd,1999.0,RFn,2,0,,,214000
98,Pave,,AllPub,73.0,1965,1965,0,,Attchd,1965.0,Fin,1,0,,,94750
99,Pave,,AllPub,85.0,1920,1950,0,,Basment,1920.0,Unf,1,0,,,83000
100,Pave,,AllPub,77.0,1959,1959,0,,,,,0,0,,,128950
101,Pave,,AllPub,,1977,2001,2,TA,Attchd,1977.0,RFn,2,0,,,205000
102,Pave,,AllPub,77.0,1985,1985,1,TA,Attchd,1985.0,Fin,2,0,,,178000
103,Pave,,AllPub,64.0,1979,1979,0,,Attchd,1979.0,Unf,2,0,,,118964
104,Pave,,AllPub,94.0,2009,2009,0,,Attchd,2009.0,RFn,3,0,,,198900
105,Pave,,AllPub,,1931,1950,2,TA,Detchd,1951.0,Unf,1,0,,,169500
106,Pave,,AllPub,75.0,2003,2004,1,Gd,Attchd,2003.0,RFn,2,0,,,250000
107,Pave,Grvl,AllPub,60.0,1885,1995,0,,Detchd,1954.0,Unf,1,0,,,100000
108,Pave,,AllPub,50.0,1948,1950,0,,Detchd,1948.0,Unf,1,0,,,115000
109,Pave,,AllPub,85.0,1919,2005,0,,,,,0,0,,,115000
110,Pave,,AllPub,105.0,1977,1977,1,TA,Attchd,1977.0,RFn,2,0,,MnPrv,190000
111,Pave,,AllPub,75.0,1954,1972,0,,Attchd,1954.0,Unf,1,0,,,136900
112,Pave,,AllPub,,2000,2000,1,TA,BuiltIn,2000.0,Fin,2,0,,,180000
113,Pave,,AllPub,77.0,2007,2007,1,Gd,BuiltIn,2007.0,Fin,3,0,,,383970
114,Pave,,AllPub,,1953,1953,2,Gd,Basment,1953.0,Unf,2,0,,MnPrv,217000
115,Pave,,AllPub,61.0,1945,2002,1,TA,Detchd,1945.0,Unf,1,0,,MnPrv,259500
116,Pave,Pave,AllPub,34.0,1999,1999,1,Fa,Detchd,1999.0,Unf,2,0,,,176000
117,Pave,,AllPub,,1962,1962,1,Po,Attchd,1962.0,Unf,1,0,,,139000
118,Pave,,AllPub,74.0,2006,2007,0,,Attchd,2007.0,Unf,2,0,,,155000
119,Pave,,AllPub,90.0,1990,1990,2,TA,Attchd,1990.0,Unf,3,0,,,320000
120,Pave,,AllPub,65.0,2005,2006,1,Gd,Attchd,2005.0,Fin,2,0,,,163990
121,Pave,,AllPub,,1969,1969,2,TA,Attchd,1969.0,Unf,2,0,,,180000
122,Pave,,AllPub,50.0,1939,1950,0,,Detchd,1979.0,Unf,1,0,,MnPrv,100000
123,Pave,,AllPub,75.0,1958,1958,0,,Attchd,1958.0,Unf,1,0,,,136000
124,Pave,,AllPub,55.0,1993,1993,0,,Attchd,1993.0,RFn,2,0,,,153900
125,Pave,,AllPub,48.0,1979,1998,1,TA,Attchd,1979.0,Unf,2,0,,,181000
126,Pave,,AllPub,60.0,1935,1982,0,,,,,0,0,,,84500
127,Pave,,AllPub,,1976,1976,1,TA,Attchd,1977.0,RFn,2,0,,,128000
128,Pave,,AllPub,55.0,1930,1950,1,TA,,,,0,0,,,87000
129,Pave,,AllPub,69.0,1966,1966,1,Fa,Attchd,1966.0,RFn,2,0,,,155000
130,Pave,,AllPub,69.0,1958,1991,0,,2Types,1998.0,RFn,2,0,,MnWw,150000
131,Pave,,AllPub,88.0,1966,1966,2,Gd,Attchd,1966.0,Fin,2,0,,GdPrv,226000
132,Pave,,AllPub,,2000,2000,1,TA,BuiltIn,2000.0,RFn,2,0,,,244000
133,Pave,,AllPub,75.0,1959,2002,0,,Detchd,1974.0,Unf,2,0,,,150750
134,Pave,,AllPub,,2001,2002,0,,Attchd,2001.0,Fin,2,0,,,220000
135,Pave,,AllPub,78.0,1968,1993,1,TA,Attchd,1968.0,RFn,2,0,,MnPrv,180000
136,Pave,,AllPub,80.0,1970,1970,1,Gd,Attchd,1970.0,Unf,2,0,,MnPrv,174000
137,Pave,,AllPub,,1967,1967,1,Fa,Attchd,1967.0,RFn,1,0,,,143000
138,Pave,,AllPub,82.0,1988,1989,0,,2Types,1989.0,Unf,3,0,,,171000
139,Pave,,AllPub,73.0,1999,2000,2,TA,Attchd,1999.0,Fin,3,0,,GdPrv,230000
140,Pave,,AllPub,65.0,1997,1997,0,,Attchd,1997.0,RFn,2,0,,MnPrv,231500
141,Pave,,AllPub,70.0,1971,1971,1,Po,,,,0,0,,,115000
142,Pave,,AllPub,78.0,2005,2005,0,,Attchd,2005.0,Fin,2,0,,,260000
143,Pave,,AllPub,71.0,1952,1952,0,,Detchd,2000.0,Unf,2,0,,MnPrv,166000
144,Pave,,AllPub,78.0,1999,1999,0,,Attchd,1999.0,RFn,2,0,,,204000
145,Pave,,AllPub,70.0,1963,1963,0,,Detchd,1963.0,Unf,2,0,,,125000
146,Pave,,AllPub,24.0,2004,2006,0,,Detchd,2004.0,Unf,2,0,,,130000
147,Pave,,AllPub,51.0,1931,1993,0,,Detchd,1931.0,Unf,1,0,,,105000
148,Pave,,AllPub,,2001,2001,1,Gd,BuiltIn,2001.0,Fin,2,0,,,222500
149,Pave,,AllPub,63.0,2004,2005,0,,,,,0,0,,,141000
150,Pave,,AllPub,,1936,1950,0,,Detchd,1936.0,Unf,1,0,,,115000
151,Pave,,AllPub,120.0,1975,1975,0,,Attchd,1975.0,Unf,2,0,,MnPrv,122000
152,Pave,,AllPub,107.0,2007,2008,1,Gd,Attchd,2007.0,RFn,3,0,,,372402
153,Pave,,AllPub,,1971,1971,1,Gd,Attchd,1971.0,RFn,2,0,,GdWo,190000
154,Pave,,AllPub,,1960,1975,1,Gd,Attchd,1960.0,RFn,2,0,,,235000
155,Pave,,AllPub,84.0,1923,1950,0,,Detchd,1923.0,Unf,1,0,,,125000
156,Pave,,AllPub,60.0,1924,1950,0,,,,,0,0,,,79000
157,Pave,,AllPub,60.0,1950,1950,0,,Detchd,1950.0,Unf,2,0,,,109500
158,Pave,,AllPub,92.0,2009,2010,1,Gd,BuiltIn,2009.0,Fin,3,0,,,269500
159,Pave,,AllPub,100.0,2004,2005,1,Gd,Attchd,2004.0,RFn,2,0,,GdWo,254900
160,Pave,,AllPub,134.0,2005,2006,1,Gd,Attchd,2006.0,RFn,2,0,,,320000
161,Pave,,AllPub,,1984,1984,0,,Attchd,1984.0,Unf,2,0,,,162500
162,Pave,,AllPub,110.0,2003,2004,2,Gd,BuiltIn,2003.0,Fin,3,0,,,412500
163,Pave,,AllPub,95.0,2005,2005,1,Gd,Attchd,2005.0,RFn,2,0,,,220000
164,Pave,,AllPub,55.0,1956,1956,0,,,,,0,0,,MnPrv,103200
165,Pave,Pave,AllPub,40.0,1926,2004,0,,Detchd,1926.0,Unf,1,0,,,152000
166,Pave,,AllPub,62.0,1940,1999,0,,,,,0,0,,,127500
167,Pave,,AllPub,,1955,1993,3,Gd,Attchd,1955.0,Fin,1,0,,GdWo,190000
168,Pave,,AllPub,86.0,2007,2007,1,Gd,Attchd,2007.0,Fin,3,0,,,325624
169,Pave,,AllPub,62.0,2004,2004,1,Gd,Attchd,2004.0,Fin,2,0,,,183500
170,Pave,,AllPub,,1981,1981,1,TA,Attchd,1981.0,RFn,2,0,,,228000
171,Pave,,AllPub,,1941,1950,0,,Detchd,1991.0,Unf,2,0,,,128500
172,Pave,,AllPub,141.0,1960,1960,2,Gd,Attchd,1960.0,Fin,2,0,,,215000
173,Pave,,AllPub,44.0,1987,1987,1,TA,Attchd,1987.0,RFn,2,0,,,239000
174,Pave,,AllPub,80.0,1961,1961,1,TA,Attchd,1961.0,Unf,2,0,,,163000
175,Pave,,AllPub,47.0,1986,1986,1,TA,Attchd,1986.0,Fin,2,0,,,184000
176,Pave,,AllPub,84.0,1950,2001,1,Gd,Attchd,1950.0,Unf,2,0,,MnPrv,243000
177,Pave,,AllPub,97.0,1988,1989,1,TA,Attchd,1988.0,Unf,2,0,,,211000
178,Pave,,AllPub,,1958,1958,1,Gd,Attchd,1958.0,Unf,2,0,,,172500
179,Pave,,AllPub,63.0,2008,2009,1,Gd,Attchd,2009.0,Fin,3,0,,,501837
180,Pave,,AllPub,60.0,1923,2006,0,,Detchd,1935.0,Unf,2,0,,,100000
181,Pave,,AllPub,,2000,2000,1,TA,Detchd,2000.0,Unf,2,0,,,177000
182,Pave,,AllPub,54.0,1920,1950,1,Gd,Detchd,1920.0,Unf,1,0,,,200100
183,Pave,,AllPub,60.0,1957,2006,1,Gd,Attchd,1957.0,RFn,1,0,,MnPrv,120000
184,Pave,,AllPub,63.0,2003,2003,0,,Detchd,2003.0,Unf,2,0,,,200000
185,Pave,,AllPub,92.0,1908,1991,0,,Attchd,1986.0,Unf,2,0,,MnPrv,127000
186,Pave,,AllPub,90.0,1892,1993,2,TA,Detchd,1993.0,Unf,3,0,,GdPrv,475000
187,Pave,,AllPub,,1990,1991,0,,Attchd,1990.0,Unf,2,0,,GdPrv,173000
188,Pave,,AllPub,60.0,1916,1987,0,,Detchd,1916.0,Unf,1,0,,MnPrv,135000
189,Pave,,AllPub,64.0,1979,1979,2,TA,Detchd,1979.0,Unf,2,0,,,153337
190,Pave,,AllPub,41.0,2001,2002,1,Gd,Attchd,2001.0,Fin,2,0,,,286000
191,Pave,,AllPub,70.0,1932,1994,2,TA,Detchd,1932.0,Unf,2,0,,,315000
192,Pave,,AllPub,,1972,2004,0,,Attchd,1972.0,Fin,2,0,,,184000
193,Pave,,AllPub,68.0,1999,1999,0,,Attchd,1999.0,Fin,2,0,,,192000
194,Pave,,AllPub,24.0,2004,2004,0,,Detchd,2004.0,Unf,2,0,,,130000
195,Pave,,AllPub,60.0,1972,1972,0,,Detchd,1989.0,Unf,1,0,,,127000
196,Pave,,AllPub,24.0,1976,1976,1,TA,Attchd,1976.0,Unf,2,0,,,148500
197,Pave,,AllPub,79.0,2007,2007,1,Gd,Attchd,2007.0,Fin,3,0,,,311872
198,Pave,,AllPub,174.0,1918,1990,1,Ex,Detchd,1918.0,Unf,2,512,Ex,GdPrv,235000
199,Pave,,AllPub,92.0,1912,1950,0,,,,,0,0,,MnPrv,104000
200,Pave,,AllPub,76.0,2004,2005,1,Gd,Attchd,2004.0,Fin,3,0,,,274900
201,Pave,,AllPub,80.0,2003,2004,0,,Attchd,2003.0,RFn,2,0,,,140000
202,Pave,,AllPub,75.0,1977,1977,2,Fa,Detchd,1980.0,Unf,2,0,,MnPrv,171500
203,Pave,,AllPub,50.0,1924,1950,0,,Attchd,1924.0,Unf,1,0,,,112000
204,Pave,,AllPub,,2004,2004,1,Gd,Attchd,2004.0,RFn,2,0,,,149000
205,Pave,Grvl,AllPub,50.0,1947,1950,0,,Detchd,1948.0,Unf,1,0,,MnWw,110000
206,Pave,,AllPub,99.0,1990,1990,0,,Attchd,1990.0,RFn,2,0,,,180500
207,Pave,,AllPub,40.0,1962,1962,1,TA,Attchd,1962.0,RFn,1,0,,,143900
208,Pave,,AllPub,,1960,1960,1,Po,Attchd,1960.0,RFn,1,0,,GdWo,141000
209,Pave,,AllPub,,1988,1989,1,Gd,Attchd,1988.0,Fin,2,0,,,277000
210,Pave,,AllPub,75.0,1964,1964,0,,Attchd,1964.0,RFn,2,0,,MnPrv,145000
211,Pave,,AllPub,67.0,1925,1950,0,,,,,0,0,,,98000
212,Pave,,AllPub,83.0,2009,2009,0,,Attchd,2009.0,RFn,2,0,,,186000
213,Pave,,AllPub,72.0,2009,2009,1,TA,Attchd,2009.0,RFn,2,0,,,252678
214,Pave,,AllPub,43.0,1995,1995,0,,Attchd,1996.0,Unf,2,0,,,156000
215,Pave,,AllPub,,1977,1977,0,,Attchd,1977.0,Fin,1,0,,MnPrv,161750
216,Pave,,AllPub,72.0,1957,1996,1,Fa,Attchd,1957.0,Unf,1,0,,MnPrv,134450
217,Pave,,AllPub,65.0,2004,2004,0,,Attchd,2004.0,Unf,2,0,,,210000
218,Pave,Grvl,AllPub,57.0,1925,1950,0,,Detchd,1940.0,Unf,1,0,,,107000
219,Pave,,AllPub,,1939,2006,2,TA,Attchd,1939.0,Unf,2,0,,,311500
220,Pave,,AllPub,43.0,2005,2006,0,,Attchd,2005.0,Fin,2,0,,,167240
221,Pave,,AllPub,73.0,2006,2006,0,,Attchd,2006.0,RFn,2,0,,,204900
222,Pave,,AllPub,,2002,2002,1,TA,BuiltIn,2002.0,RFn,2,0,,,200000
223,Pave,,AllPub,85.0,1975,1975,1,TA,Attchd,1975.0,RFn,2,0,,MnPrv,179900
224,Pave,,AllPub,70.0,1971,1971,0,,Detchd,1989.0,Unf,2,0,,,97000
225,Pave,,AllPub,103.0,2003,2003,1,Ex,Attchd,2003.0,Fin,3,0,,,386250
226,Pave,,AllPub,21.0,1971,1971,0,,Detchd,1991.0,Unf,1,0,,,112000
227,Pave,,AllPub,82.0,1995,1995,1,TA,Attchd,1995.0,RFn,3,0,,,290000
228,Pave,,AllPub,21.0,1970,1970,0,,Detchd,1987.0,Unf,1,0,,,106000
229,Pave,,AllPub,70.0,1967,1967,1,Fa,Detchd,1974.0,Unf,1,0,,MnPrv,125000
230,Pave,,AllPub,43.0,2005,2006,1,TA,Attchd,2005.0,Fin,2,0,,,192500
231,Pave,,AllPub,73.0,1959,1959,0,,Attchd,1959.0,RFn,1,0,,,148000
232,Pave,,AllPub,174.0,1995,1996,1,TA,Attchd,1995.0,Fin,3,0,,,403000
233,Pave,,AllPub,21.0,1972,1972,1,Po,Attchd,1972.0,Unf,1,0,,,94500
234,Pave,,AllPub,75.0,1976,1976,0,,Attchd,1976.0,Unf,1,0,,MnPrv,128200
235,Pave,,AllPub,,2002,2002,2,TA,BuiltIn,2002.0,Fin,2,0,,,216500
236,Pave,,AllPub,21.0,1971,1971,0,,Detchd,1971.0,Unf,1,0,,,89500
237,Pave,,AllPub,65.0,2004,2004,0,,Attchd,2004.0,RFn,2,0,,,185500
238,Pave,,AllPub,,1993,2003,0,,Attchd,1993.0,RFn,2,0,,,194500
239,Pave,,AllPub,93.0,2007,2007,0,,Attchd,2007.0,Fin,3,0,,,318000
240,Pave,,AllPub,52.0,1945,1950,1,Gd,Detchd,1949.0,Unf,1,0,,MnPrv,113000
241,Pave,,AllPub,75.0,2008,2008,0,,Attchd,2008.0,RFn,2,0,,,262500
242,Pave,,AllPub,40.0,1945,1997,0,,,,,0,0,,,110500
243,Pave,,AllPub,63.0,1900,1950,0,,Attchd,1940.0,Unf,1,0,,,79000
244,Pave,,AllPub,75.0,1980,1980,1,TA,Attchd,1980.0,RFn,1,0,,,120000
245,Pave,,AllPub,,1994,2002,2,Fa,Attchd,1994.0,RFn,2,0,,,205000
246,Pave,,AllPub,80.0,1988,1988,1,TA,Attchd,1988.0,Fin,2,0,,,241500
247,Pave,Grvl,AllPub,69.0,1910,1950,0,,Detchd,1910.0,Unf,1,0,,,137000
248,Pave,,AllPub,75.0,1954,1954,1,TA,Attchd,1954.0,Unf,2,0,,,140000
249,Pave,,AllPub,72.0,2003,2003,0,,Attchd,2003.0,RFn,2,0,,,180000
250,Pave,,AllPub,,1958,2006,2,TA,Attchd,1958.0,Fin,2,0,,,277000
251,Pave,,AllPub,55.0,1940,1966,0,,,,,0,0,,GdWo,76500
252,Pave,,AllPub,44.0,2006,2007,1,Gd,Attchd,2006.0,Fin,2,0,,,235000
253,Pave,,AllPub,65.0,2004,2004,0,,Attchd,2004.0,RFn,2,0,,,173000
254,Pave,,AllPub,85.0,1964,1991,0,,Attchd,1964.0,RFn,1,0,,MnPrv,158000
255,Pave,,AllPub,70.0,1957,1957,0,,Attchd,1957.0,RFn,1,0,,,145000
256,Pave,,AllPub,66.0,1999,1999,1,TA,BuiltIn,1999.0,Fin,2,0,,,230000
257,Pave,,AllPub,64.0,2003,2003,0,,Attchd,2003.0,RFn,2,0,,,207500
258,Pave,,AllPub,68.0,2006,2006,1,Gd,Attchd,2006.0,RFn,2,0,,,220000
259,Pave,,AllPub,80.0,2001,2001,1,TA,Attchd,2001.0,RFn,2,0,,,231500
260,Pave,,AllPub,70.0,1956,1956,0,,Detchd,1956.0,Unf,1,0,,,97000
261,Pave,,AllPub,120.0,1962,1962,1,TA,Attchd,1991.0,Unf,2,0,,GdWo,176000
262,Pave,,AllPub,69.0,2007,2007,1,Gd,BuiltIn,2007.0,Fin,3,0,,,276000
263,Pave,,AllPub,88.0,1977,1995,1,TA,Attchd,1978.0,Unf,2,0,,GdWo,151000
264,Pave,,AllPub,50.0,1929,2001,0,,Detchd,1974.0,Unf,2,0,,,130000
265,Pave,Grvl,AllPub,30.0,1925,2004,0,,Detchd,1965.0,Unf,2,0,,,73000
266,Pave,,AllPub,78.0,1981,1981,1,TA,Attchd,1981.0,Fin,2,0,,GdPrv,175500
267,Pave,,AllPub,70.0,1997,1997,1,TA,Attchd,1997.0,Fin,2,0,,,185000
268,Pave,,AllPub,60.0,1939,1997,1,Gd,Detchd,1939.0,Unf,1,0,,,179500
269,Pave,,AllPub,71.0,1940,1955,1,Gd,Detchd,1966.0,Fin,1,0,,,120500
270,Pave,,AllPub,,1976,1976,1,Fa,Attchd,1987.0,RFn,1,0,,GdPrv,148000
271,Pave,,AllPub,84.0,2006,2006,1,Gd,Attchd,2006.0,RFn,3,0,,,266000
272,Pave,,AllPub,73.0,1954,2005,2,TA,Attchd,1954.0,Unf,2,0,,,241500
273,Pave,,AllPub,92.0,1999,2007,1,Gd,Attchd,1999.0,Fin,3,0,,,290000
274,Pave,,AllPub,80.0,1958,1988,1,Gd,Attchd,1958.0,RFn,1,0,,MnPrv,139000
275,Pave,,AllPub,76.0,1982,1982,0,,Attchd,1982.0,Unf,1,0,,,124500
276,Pave,,AllPub,55.0,1925,2007,0,,Detchd,1978.0,Unf,2,0,,,205000
277,Pave,,AllPub,129.0,2003,2003,0,,Attchd,2003.0,Fin,2,0,,,201000
278,Pave,,AllPub,140.0,1951,1951,0,,Detchd,1951.0,Unf,2,0,,,141000
279,Pave,,AllPub,107.0,2006,2007,1,Ex,Attchd,2007.0,Fin,3,0,,,415298
280,Pave,,AllPub,83.0,1977,1977,1,TA,Attchd,1977.0,Fin,2,0,,,192000
281,Pave,,AllPub,82.0,1989,1989,1,TA,Attchd,1989.0,Fin,2,0,,,228500
282,Pave,Pave,AllPub,60.0,2006,2006,0,,Attchd,2006.0,Fin,2,0,,,185000
283,Pave,,AllPub,34.0,2007,2008,1,Gd,Attchd,2008.0,RFn,2,0,,,207500
284,Pave,,AllPub,74.0,2008,2009,1,Gd,Attchd,2008.0,Fin,3,0,,,244600
285,Pave,,AllPub,50.0,1992,1992,0,,Attchd,1992.0,RFn,2,0,,,179200
286,Pave,Pave,AllPub,35.0,2006,2007,0,,Detchd,2006.0,RFn,2,0,,,164700
287,Pave,,AllPub,77.0,1962,1981,1,Gd,Attchd,1962.0,RFn,2,0,,GdPrv,159000
288,Pave,,AllPub,,1971,1971,0,,,,,0,0,,,88000
289,Pave,,AllPub,,1967,1967,0,,Detchd,1970.0,Unf,1,0,,MnPrv,122000
290,Pave,,AllPub,60.0,1915,2003,0,,Detchd,2003.0,Unf,1,0,,,153575
291,Pave,,AllPub,120.0,2006,2006,1,Gd,Attchd,2006.0,RFn,2,0,,,233230
292,Pave,Grvl,AllPub,55.0,1912,2000,0,,,,,0,0,,,135900
293,Pave,,AllPub,60.0,1949,2008,1,Gd,Attchd,1949.0,Unf,1,0,,,131000
294,Pave,,AllPub,,1977,1994,1,TA,Attchd,1977.0,Fin,2,0,,,235000
295,Pave,,AllPub,80.0,1953,1953,2,Gd,Attchd,1953.0,Fin,2,0,,,167000
296,Pave,,AllPub,37.0,1984,1984,0,,Detchd,1984.0,Unf,2,0,,GdPrv,142500
297,Pave,,AllPub,75.0,1950,1950,0,,Attchd,1950.0,Unf,1,0,,MnPrv,152000
298,Pave,Pave,AllPub,66.0,1997,1998,1,TA,Detchd,1997.0,RFn,2,0,,,239000
299,Pave,,AllPub,90.0,1968,1968,1,Gd,Attchd,1968.0,Unf,2,0,,,175000
300,Pave,,AllPub,80.0,1950,2004,1,Gd,Attchd,1950.0,Unf,1,0,,GdPrv,158500
301,Pave,,AllPub,90.0,1953,1953,2,Gd,Attchd,1953.0,Unf,1,0,,,157000
302,Pave,,AllPub,66.0,1998,1999,1,TA,BuiltIn,1998.0,Fin,2,0,,,267000
303,Pave,,AllPub,118.0,2001,2002,1,TA,Attchd,2001.0,RFn,3,0,,,205000
304,Pave,,AllPub,70.0,1972,1972,0,,Attchd,1975.0,Unf,2,0,,GdWo,149900
305,Pave,,AllPub,87.0,1880,2002,1,Ex,Attchd,2003.0,Unf,3,0,,,295000
306,Pave,,AllPub,80.0,2004,2005,0,,Attchd,2004.0,Fin,3,0,,,305900
307,Pave,,AllPub,116.0,1990,1991,1,TA,Attchd,1990.0,RFn,3,0,,,225000
308,Pave,Grvl,AllPub,,1920,1950,0,,,,,0,0,,MnPrv,89500
309,Pave,,AllPub,,1940,1950,0,,Detchd,1961.0,Unf,2,0,,,82500
310,Pave,,AllPub,90.0,2003,2004,3,Ex,Attchd,2003.0,Fin,3,0,,,360000
311,Pave,,AllPub,,1993,1994,1,TA,Attchd,1993.0,Fin,2,0,,,165600
312,Pave,,AllPub,50.0,1948,2002,1,Gd,Detchd,1948.0,Unf,1,0,,,132000
313,Pave,,AllPub,65.0,1939,1950,1,Gd,Detchd,1939.0,Unf,2,0,,MnPrv,119900
314,Pave,,AllPub,150.0,1965,1965,2,Gd,Attchd,1965.0,RFn,2,0,,,375000
315,Pave,Grvl,AllPub,60.0,1925,1990,1,Gd,Detchd,1925.0,Unf,2,0,,,178000
316,Pave,,AllPub,71.0,2004,2005,1,Gd,Attchd,2004.0,Fin,2,0,,,188500
317,Pave,,AllPub,94.0,1980,1980,1,TA,Attchd,1983.0,RFn,2,0,,GdPrv,260000
318,Pave,,AllPub,75.0,2006,2006,1,Gd,Attchd,2006.0,RFn,3,0,,,270000
319,Pave,,AllPub,90.0,1993,1993,1,TA,Attchd,1993.0,RFn,3,0,,,260000
320,Pave,,AllPub,,1980,1980,2,TA,Attchd,1980.0,Unf,2,0,,,187500
321,Pave,,AllPub,111.0,2006,2006,0,,Attchd,2006.0,RFn,3,0,,,342643
322,Pave,,AllPub,99.0,2004,2004,1,Gd,BuiltIn,2004.0,Fin,3,0,,,354000
323,Pave,,AllPub,86.0,1986,1987,1,TA,Attchd,1987.0,Fin,2,0,,MnPrv,301000
324,Pave,,AllPub,49.0,1955,2005,0,,Attchd,1955.0,Unf,1,0,,,126175
325,Pave,,AllPub,96.0,1967,2007,1,Gd,BuiltIn,1961.0,Fin,2,0,,,242000
326,Pave,,AllPub,50.0,1941,1950,0,,Detchd,1941.0,Unf,2,0,,,87000
327,Pave,,AllPub,32.0,1993,1993,2,Gd,Attchd,1993.0,Fin,2,0,,,324000
328,Pave,,AllPub,80.0,1960,1960,0,,Attchd,1960.0,RFn,1,0,,,145250
329,Pave,Pave,AllPub,,1916,1994,0,,Detchd,1930.0,Unf,2,0,,,214500
330,Pave,,AllPub,60.0,1920,1950,0,,Detchd,1920.0,Unf,1,0,,GdWo,78000
331,Pave,,AllPub,,1964,1964,0,,Detchd,2002.0,Unf,1,0,,,119000
332,Pave,,AllPub,70.0,1958,1992,0,,Attchd,1958.0,RFn,1,0,,,139000
333,Pave,,AllPub,85.0,2003,2004,1,Gd,Attchd,2003.0,RFn,3,0,,,284000
334,Pave,,AllPub,59.0,2004,2004,1,Gd,Attchd,2004.0,RFn,2,0,,,207000
335,Pave,,AllPub,59.0,1998,1998,2,TA,Attchd,1998.0,Fin,2,0,,,192000
336,Grvl,,AllPub,,1965,1965,2,Gd,Attchd,1965.0,Fin,2,0,,,228950
337,Pave,,AllPub,86.0,2005,2006,1,Gd,Attchd,2005.0,Fin,3,0,,,377426
338,Pave,,AllPub,70.0,2002,2003,0,,Attchd,2002.0,RFn,2,0,,,214000
339,Pave,,AllPub,91.0,1984,1998,0,,Attchd,1984.0,RFn,2,0,,,202500
340,Pave,,AllPub,66.0,1958,1998,0,,Attchd,1958.0,Unf,1,0,,,155000
341,Pave,,AllPub,85.0,2002,2002,0,,Attchd,2002.0,Fin,2,0,,,202900
342,Pave,,AllPub,60.0,1950,1950,0,,CarPort,1950.0,Unf,1,0,,,82000
343,Pave,,AllPub,,1949,1950,0,,Detchd,1949.0,Unf,2,0,,,87500
344,Pave,,AllPub,63.0,2005,2005,1,Ex,Attchd,2005.0,RFn,2,0,,,266000
345,Pave,,AllPub,36.0,1976,1976,0,,Attchd,1976.0,Unf,1,0,,,85000
346,Pave,,AllPub,65.0,1939,1950,1,Gd,Detchd,1939.0,Unf,1,0,,,140200
347,Pave,,AllPub,,1960,1998,0,,Attchd,1960.0,RFn,1,0,,,151500
348,Pave,,AllPub,,1960,1960,2,Gd,Attchd,1960.0,Unf,2,0,,,157500
349,Pave,,AllPub,36.0,2003,2004,0,,BuiltIn,2003.0,RFn,2,0,,,154000
350,Pave,,AllPub,56.0,2005,2006,2,Ex,Attchd,2006.0,Fin,3,0,,,437154
351,Pave,,AllPub,68.0,2007,2007,1,Gd,Attchd,2007.0,RFn,2,0,,,318061
352,Pave,,AllPub,,1986,1986,1,TA,Attchd,1986.0,RFn,2,0,,,190000
353,Pave,,AllPub,60.0,1941,1950,0,,Detchd,1941.0,Unf,1,0,,,95000
354,Pave,,AllPub,60.0,1928,2003,0,,Detchd,2005.0,Unf,2,0,,,105900
355,Pave,,AllPub,60.0,1940,2000,2,Gd,Attchd,1940.0,Unf,1,0,,,140000
356,Pave,,AllPub,105.0,1995,1995,0,,Attchd,1995.0,RFn,2,0,,,177500
357,Pave,,AllPub,,1992,1992,0,,Attchd,1992.0,RFn,2,0,,,173000
358,Pave,,AllPub,44.0,1976,1976,1,Po,Attchd,1976.0,Fin,2,0,,MnPrv,134000
359,Pave,,AllPub,92.0,1958,1958,0,,BuiltIn,1958.0,Unf,1,0,,,130000
360,Pave,,AllPub,78.0,1998,1998,1,TA,Attchd,1998.0,RFn,2,0,,,280000
361,Pave,,AllPub,,1978,1978,1,TA,Attchd,1978.0,RFn,2,0,,MnPrv,156000
362,Pave,Pave,AllPub,,1940,1982,0,,Detchd,1940.0,Unf,1,0,,,145000
363,Pave,,AllPub,64.0,2003,2003,1,Ex,BuiltIn,2003.0,RFn,2,0,,,198500
364,Pave,,AllPub,21.0,1972,2007,0,,Detchd,1972.0,Unf,1,0,,,118000
365,Pave,,AllPub,,1976,1976,1,TA,Attchd,1976.0,Fin,2,0,,,190000
366,Pave,,AllPub,59.0,1920,1997,0,,Detchd,1964.0,Unf,1,0,,,147000
367,Pave,,AllPub,,1963,1963,2,Gd,Attchd,1963.0,RFn,2,0,,,159000
368,Pave,,AllPub,101.0,1962,1962,1,Gd,Basment,1962.0,RFn,1,0,,,165000
369,Pave,,AllPub,78.0,1954,1954,1,Gd,Attchd,1954.0,Fin,1,0,,,132000
370,Pave,,AllPub,,1959,2006,1,Gd,Detchd,1997.0,Fin,2,0,,,162000
371,Pave,,AllPub,,2000,2000,1,TA,Attchd,2000.0,RFn,2,0,,,172400
372,Pave,,AllPub,80.0,1959,1959,1,Gd,Detchd,1991.0,Fin,2,0,,,134432
373,Pave,,AllPub,50.0,1984,1984,0,,Attchd,1984.0,Unf,1,0,,MnPrv,125000
374,Pave,,AllPub,79.0,1953,1953,0,,Attchd,1953.0,Unf,1,0,,GdWo,123000
375,Pave,,AllPub,65.0,2003,2004,1,Gd,BuiltIn,2003.0,Fin,2,0,,,219500
376,Pave,,AllPub,,1922,1950,0,,,,,0,0,,,61000
377,Pave,,AllPub,57.0,1996,1996,0,,Detchd,1998.0,Unf,2,0,,,148000
378,Pave,,AllPub,102.0,2004,2005,1,Gd,Attchd,2004.0,RFn,2,0,,,340000
379,Pave,,AllPub,88.0,2010,2010,1,Ex,Attchd,2010.0,Fin,3,0,,,394432
380,Pave,,AllPub,60.0,2000,2000,1,TA,Attchd,2000.0,Fin,2,0,,,179000
381,Pave,Pave,AllPub,50.0,1924,1950,1,Gd,Detchd,1924.0,Unf,1,0,,,127000
382,Pave,Pave,AllPub,60.0,2006,2006,1,Gd,Attchd,2006.0,RFn,2,0,,,187750
383,Pave,,AllPub,79.0,2006,2006,0,,Attchd,2006.0,RFn,2,0,,,213500
384,Pave,,AllPub,60.0,1928,1950,0,,Detchd,1950.0,Unf,2,0,,,76000
385,Pave,,AllPub,,1992,1992,2,Fa,Attchd,1992.0,Fin,2,0,,,240000
386,Pave,,AllPub,43.0,2004,2005,1,TA,Attchd,2004.0,Fin,2,0,,,192000
387,Pave,,AllPub,58.0,1910,1996,0,,,,,0,0,,,81000
388,Pave,,AllPub,72.0,1976,1976,1,Fa,Detchd,1977.0,Unf,1,0,,GdWo,125000
389,Pave,,AllPub,93.0,1999,2000,0,,Attchd,1999.0,RFn,2,0,,,191000
390,Pave,,AllPub,96.0,2007,2008,1,Ex,BuiltIn,2008.0,Fin,3,0,,,426000
391,Pave,Grvl,AllPub,50.0,1900,1950,0,,Detchd,1978.0,Unf,1,0,,MnPrv,119000
392,Pave,,AllPub,71.0,2001,2002,1,TA,BuiltIn,2001.0,Fin,2,0,,,215000
393,Pave,,AllPub,,1959,1959,0,,Attchd,1959.0,RFn,1,0,,MnPrv,106500
394,Pave,,AllPub,,1941,1950,2,TA,,,,0,0,,GdWo,100000
395,Pave,,AllPub,60.0,1940,1950,0,,Detchd,1940.0,Unf,1,0,,,109000
396,Pave,,AllPub,68.0,1956,1956,0,,Attchd,1956.0,Unf,1,0,,,129000
397,Pave,,AllPub,60.0,1972,1972,0,,Detchd,1985.0,RFn,2,0,,,123000
398,Pave,,AllPub,69.0,1962,1962,1,TA,Attchd,1962.0,RFn,1,0,,,169500
399,Pave,,AllPub,60.0,1920,1950,0,,Detchd,1920.0,Unf,1,0,,,67000
400,Pave,,AllPub,65.0,2006,2007,0,,Attchd,2007.0,Fin,2,0,,,241000
401,Pave,,AllPub,38.0,1996,1996,2,Gd,Attchd,1996.0,Fin,2,0,,,245500
402,Pave,,AllPub,65.0,2005,2005,1,Gd,Attchd,2005.0,Fin,2,0,,,164990
403,Pave,,AllPub,60.0,1940,1997,0,,Detchd,1940.0,Unf,1,0,,GdPrv,108000
404,Pave,,AllPub,93.0,1998,1998,1,TA,BuiltIn,1998.0,Fin,2,0,,,258000
405,Pave,,AllPub,,1995,1996,1,TA,BuiltIn,1995.0,Fin,2,0,,,168000
406,Pave,,AllPub,,1976,1993,1,TA,Attchd,1993.0,Unf,2,0,,GdWo,150000
407,Pave,,AllPub,51.0,1936,1950,0,,Detchd,1936.0,Unf,1,0,,,115000
408,Pave,,AllPub,63.0,1915,1976,0,,Attchd,1960.0,Unf,1,0,,,177000
409,Pave,,AllPub,109.0,2006,2006,1,Gd,Attchd,2006.0,RFn,3,0,,,280000
410,Pave,,AllPub,85.0,2007,2008,1,Gd,Attchd,2008.0,Fin,3,0,,,339750
411,Pave,,AllPub,68.0,1958,1958,0,,Attchd,1958.0,Unf,1,0,,,60000
412,Pave,,AllPub,100.0,1955,1955,0,,Attchd,1955.0,Fin,2,0,,,145000
413,Pave,,AllPub,,2009,2009,1,Gd,Attchd,2009.0,Fin,2,0,,,222000
414,Pave,Grvl,AllPub,56.0,1927,1950,1,Gd,Detchd,1927.0,Unf,2,0,,,115000
415,Pave,,AllPub,59.0,1993,1993,1,TA,Attchd,1993.0,Unf,3,0,,,228000
416,Pave,,AllPub,73.0,2007,2007,0,,Attchd,2007.0,Fin,2,0,,,181134
417,Pave,,AllPub,74.0,1978,1978,1,TA,Attchd,1978.0,Fin,2,0,,,149500
418,Pave,,AllPub,86.0,1918,1950,1,Gd,Detchd,1918.0,Unf,3,0,,,239000
419,Pave,,AllPub,60.0,1940,1950,0,,Detchd,1940.0,Unf,1,0,,,126000
420,Pave,,AllPub,65.0,1968,1968,1,Fa,Attchd,1968.0,Unf,1,0,,,142000
421,Pave,,AllPub,78.0,1997,1998,0,,Attchd,1997.0,Fin,4,0,,,206300
422,Pave,,AllPub,,1977,2000,1,TA,Attchd,1977.0,Fin,2,0,,,215000
423,Pave,,AllPub,100.0,1954,1954,0,,Attchd,1954.0,RFn,2,0,,,113000
424,Pave,,AllPub,80.0,1998,1998,1,TA,Attchd,1998.0,Fin,3,0,,,315000
425,Pave,,AllPub,72.0,1956,1956,1,Gd,Attchd,1956.0,RFn,1,0,,,139000
426,Pave,Grvl,AllPub,60.0,1946,1992,2,Gd,Detchd,1947.0,Unf,1,0,,,135000
427,Pave,,AllPub,,1989,1989,1,TA,Attchd,1989.0,Fin,2,0,,,275000
428,Pave,,AllPub,77.0,1957,1957,0,,Detchd,1964.0,Unf,1,0,,,109008
429,Pave,,AllPub,64.0,2007,2007,0,,Attchd,2007.0,RFn,2,0,,,195400
430,Pave,,AllPub,130.0,1988,1988,1,TA,Attchd,1988.0,Unf,2,0,,,175000
431,Pave,,AllPub,21.0,1971,1971,0,,Detchd,1971.0,Unf,1,0,,,85400
432,Pave,,AllPub,60.0,1920,1998,0,,,,,0,0,,MnPrv,79900
433,Pave,,AllPub,24.0,1971,1971,0,,Detchd,1971.0,Unf,2,0,,,122500
434,Pave,,AllPub,100.0,1997,1998,1,TA,Attchd,1997.0,Fin,2,0,,,181000
435,Pave,,AllPub,21.0,1972,1972,0,,,,,0,0,,,81000
436,Pave,,AllPub,43.0,1996,1996,1,TA,Attchd,1996.0,RFn,2,0,,,212000
437,Pave,,AllPub,40.0,1920,1950,0,,Detchd,1990.0,Unf,2,0,,,116000
438,Pave,,AllPub,50.0,1926,2004,0,,Detchd,1926.0,Unf,1,0,,,119000
439,Pave,,AllPub,40.0,1913,2002,1,Gd,Detchd,1990.0,Unf,1,0,,MnPrv,90350
440,Pave,Grvl,AllPub,67.0,1920,2000,0,,Detchd,2005.0,Unf,2,0,,GdPrv,110000
441,Pave,,AllPub,105.0,2008,2008,2,Gd,Attchd,2008.0,Fin,3,0,,,555000
442,Pave,,AllPub,92.0,1955,1955,0,,,,,0,0,,,118000
443,Pave,,AllPub,52.0,1930,1992,1,Gd,Detchd,1930.0,Unf,2,0,,,162900
444,Pave,,AllPub,53.0,2006,2007,1,Gd,Attchd,2007.0,Fin,3,0,,,172500
445,Pave,,AllPub,70.0,1994,1995,1,TA,Attchd,1994.0,Unf,2,0,,,210000
446,Pave,,AllPub,73.0,1956,1956,1,Gd,Attchd,1956.0,Unf,2,0,,MnPrv,127500
447,Pave,,AllPub,137.0,1966,2002,1,Gd,Attchd,1966.0,Fin,2,0,,,190000
448,Pave,,AllPub,,1998,1999,1,TA,Attchd,1998.0,Fin,2,0,,,199900
449,Pave,,AllPub,50.0,1937,1950,1,Gd,Detchd,1937.0,Unf,1,0,,,119500
450,Pave,,AllPub,50.0,1948,2002,0,,Detchd,1981.0,Unf,1,0,,,120000
451,Pave,,AllPub,70.0,1930,2005,0,,Detchd,1932.0,Unf,1,0,,,110000
452,Pave,,AllPub,62.0,1975,1975,2,TA,Attchd,1975.0,Unf,2,0,,,280000
453,Pave,,AllPub,,1996,1997,0,,Attchd,1996.0,Fin,2,0,,,204000
454,Pave,,AllPub,75.0,2008,2008,0,,Attchd,2008.0,RFn,2,0,,,210000
455,Pave,,AllPub,63.0,1976,1976,0,,Detchd,1976.0,Unf,2,0,,,188000
456,Pave,,AllPub,80.0,1973,1973,1,TA,Attchd,1973.0,Unf,2,0,,,175500
457,Pave,Grvl,AllPub,34.0,1916,1950,0,,Detchd,1916.0,Unf,3,0,,,98000
458,Pave,,AllPub,,1954,1994,2,Gd,Attchd,1954.0,Fin,2,0,,,256000
459,Pave,Grvl,AllPub,,1925,1996,1,Gd,Detchd,1925.0,Unf,1,0,,MnPrv,161000
460,Pave,,AllPub,,1950,1950,1,TA,Detchd,1950.0,Unf,1,0,,,110000
461,Pave,,AllPub,75.0,2009,2009,0,,BuiltIn,2009.0,Fin,2,0,,,263435
462,Pave,,AllPub,60.0,1936,2007,0,,Detchd,1971.0,RFn,2,0,,MnPrv,155000
463,Pave,,AllPub,60.0,1965,1965,1,Po,Detchd,1965.0,Unf,1,0,,GdWo,62383
464,Pave,,AllPub,74.0,1934,1995,1,Gd,Detchd,1939.0,Unf,1,0,,,188700
465,Pave,,AllPub,60.0,1978,1978,0,,,,,0,0,,,124000
466,Pave,,AllPub,,2004,2004,1,TA,Attchd,2004.0,Fin,2,0,,,178740
467,Pave,,AllPub,85.0,1970,1970,1,Po,Attchd,1970.0,Unf,2,0,,GdWo,167000
468,Pave,,AllPub,79.0,1942,1995,2,Gd,Attchd,1942.0,Unf,1,0,,,146500
469,Pave,,AllPub,98.0,2006,2006,1,Gd,Attchd,2006.0,RFn,3,0,,,250000
470,Pave,,AllPub,76.0,1993,1993,0,,Attchd,1993.0,RFn,2,0,,,187000
471,Pave,,AllPub,,1985,1985,0,,Attchd,1985.0,RFn,2,0,,,212000
472,Pave,,AllPub,92.0,1977,1977,1,Gd,Attchd,1977.0,RFn,2,0,,,190000
473,Pave,,AllPub,35.0,2005,2005,0,,Basment,2005.0,RFn,2,0,,,148000
474,Pave,,AllPub,110.0,2006,2007,1,Ex,Attchd,2006.0,RFn,3,0,,,440000
475,Pave,,AllPub,41.0,2000,2000,0,,Attchd,2000.0,RFn,2,0,,,251000
476,Pave,,AllPub,80.0,1963,1963,0,,Detchd,1996.0,Unf,2,0,,,132500
477,Pave,,AllPub,75.0,1997,1998,1,TA,Attchd,1997.0,Fin,2,0,,,208900
478,Pave,,AllPub,105.0,2006,2006,1,Gd,BuiltIn,2006.0,Fin,3,0,,,380000
479,Pave,,AllPub,79.0,2007,2008,1,Gd,Attchd,2007.0,RFn,3,0,,,297000
480,Pave,,AllPub,50.0,1937,2000,0,,Detchd,1995.0,Unf,2,0,,MnPrv,89471
481,Pave,,AllPub,98.0,2004,2005,1,Gd,Attchd,2004.0,Fin,3,0,,,326000
482,Pave,,AllPub,72.0,2003,2004,1,Gd,Attchd,2003.0,Fin,3,0,,,374000
483,Pave,Pave,AllPub,50.0,1915,2005,1,Gd,Attchd,1915.0,Unf,1,0,,,155000
484,Pave,,AllPub,32.0,1998,1998,0,,Attchd,1998.0,Unf,2,0,,,164000
485,Pave,,AllPub,,1962,2001,0,,Detchd,1963.0,Unf,1,0,,,132500
486,Pave,,AllPub,80.0,1950,2007,1,Gd,Attchd,1950.0,Unf,1,0,,,147000
487,Pave,,AllPub,79.0,1965,1965,0,,Attchd,1965.0,RFn,2,0,,,156000
488,Pave,,AllPub,70.0,1971,1971,1,TA,Attchd,1971.0,Unf,2,0,,,175000
489,Pave,,AllPub,60.0,1900,1970,1,Gd,Attchd,1970.0,Unf,2,0,,,160000
490,Pave,,AllPub,21.0,1970,2002,0,,Attchd,1970.0,Unf,1,0,,,86000
491,Pave,,AllPub,,1976,1976,1,Gd,BuiltIn,1976.0,Fin,1,0,,,115000
492,Pave,,AllPub,79.0,1941,1950,2,TA,Attchd,1941.0,Unf,1,0,,MnPrv,133000
493,Pave,,AllPub,105.0,2006,2006,0,,Attchd,2006.0,RFn,2,0,,,172785
494,Pave,,AllPub,70.0,1960,1960,1,Fa,Detchd,1964.0,Unf,1,0,,,155000
495,Pave,,AllPub,50.0,1938,1996,0,,Attchd,1938.0,Unf,1,0,,,91300
496,Pave,,AllPub,60.0,1920,1950,0,,,,,0,0,,GdWo,34900
497,Pave,,AllPub,,1992,1993,1,Gd,Attchd,1992.0,RFn,2,0,,,430000
498,Pave,Pave,AllPub,60.0,1925,1950,0,,Detchd,1925.0,Unf,1,0,,GdPrv,184000
499,Pave,,AllPub,65.0,1967,2004,0,,Attchd,1967.0,Fin,1,0,,MnPrv,130000
500,Pave,,AllPub,70.0,1958,1985,0,,Attchd,1958.0,Fin,1,0,,MnWw,120000
501,Pave,,AllPub,21.0,1973,1973,0,,Detchd,1973.0,Unf,1,0,,,113000
502,Pave,,AllPub,75.0,2005,2005,0,,Attchd,2005.0,RFn,2,0,,,226700
503,Pave,,AllPub,70.0,1965,1965,0,,Detchd,1965.0,Unf,2,0,,GdPrv,140000
504,Pave,,AllPub,100.0,1959,1997,2,TA,Attchd,1959.0,Fin,2,0,,GdWo,289000
505,Pave,,AllPub,24.0,1974,1974,1,Fa,Attchd,1974.0,Unf,2,0,,,147000
506,Pave,Grvl,AllPub,60.0,1952,1952,0,,Detchd,1952.0,Unf,2,0,,,124500
507,Pave,,AllPub,80.0,1993,1994,1,TA,Attchd,1993.0,RFn,2,0,,,215000
508,Pave,,AllPub,75.0,2009,2009,0,,Attchd,2009.0,Fin,2,0,,,208300
509,Pave,,AllPub,60.0,1928,2005,1,Gd,Detchd,1928.0,Unf,2,0,,,161000
510,Pave,,AllPub,80.0,1959,1959,0,,Attchd,1959.0,RFn,1,0,,MnPrv,124500
511,Pave,,AllPub,75.0,1951,2000,2,TA,CarPort,1951.0,Unf,1,0,,,164900
512,Pave,,AllPub,40.0,2005,2006,1,Gd,Attchd,2005.0,RFn,2,0,,,202665
513,Pave,,AllPub,70.0,1958,1958,0,,Detchd,1964.0,Unf,2,0,,,129900
514,Pave,,AllPub,71.0,1983,1983,0,,Attchd,1983.0,Unf,2,0,,,134000
515,Pave,,AllPub,55.0,1926,1950,0,,Detchd,1926.0,Unf,1,0,,MnPrv,96500
516,Pave,,AllPub,94.0,2009,2009,1,Gd,Attchd,2009.0,Fin,3,0,,,402861
517,Pave,,AllPub,,1972,1972,1,TA,Attchd,1972.0,RFn,2,0,,GdPrv,158000
518,Pave,,AllPub,79.0,1996,1997,1,TA,Attchd,1996.0,RFn,3,0,,,265000
519,Pave,,AllPub,,1998,1998,0,,Attchd,1998.0,RFn,2,0,,MnPrv,211000
520,Pave,,AllPub,53.0,1926,2004,2,Gd,Detchd,1926.0,Unf,1,0,,MnPrv,234000
521,Pave,Grvl,AllPub,60.0,1900,2000,0,,,,,0,0,,,106250
522,Pave,,AllPub,90.0,1957,1957,2,Gd,Attchd,1957.0,Unf,1,0,,,150000
523,Pave,,AllPub,50.0,1947,1950,2,Gd,Detchd,1950.0,Unf,2,0,,,159000
524,Pave,,AllPub,130.0,2007,2008,1,Gd,BuiltIn,2007.0,Fin,3,0,,,184750
525,Pave,,AllPub,95.0,1996,1997,1,TA,Attchd,1996.0,Fin,3,0,,,315750
526,Pave,Pave,AllPub,62.0,2005,2005,1,TA,Attchd,2005.0,Unf,2,0,,,176000
527,Pave,,AllPub,70.0,1956,2000,0,,Attchd,1956.0,Unf,1,0,,,132000
528,Pave,,AllPub,67.0,2008,2008,1,Gd,Attchd,2008.0,Fin,3,0,,,446261
529,Pave,,AllPub,58.0,1920,2002,0,,,,,0,0,,,86000
530,Pave,,AllPub,,1957,1975,2,TA,Attchd,1975.0,RFn,2,0,,,200624
531,Pave,,AllPub,85.0,1988,1989,1,Fa,Attchd,1988.0,RFn,2,0,,,175000
532,Pave,,AllPub,60.0,1920,1999,0,,Detchd,1920.0,Fin,2,0,,,128000
533,Pave,,AllPub,60.0,1955,2007,1,Po,Detchd,1967.0,Unf,1,0,,,107500
534,Pave,,AllPub,50.0,1946,1950,0,,,,,0,0,,,39300
535,Pave,,AllPub,74.0,2004,2004,1,Gd,Attchd,2004.0,Fin,2,0,,,178000
536,Pave,,AllPub,70.0,1910,1991,0,,,,,0,0,,,107500
537,Pave,,AllPub,57.0,1998,1999,0,,Attchd,1998.0,Fin,2,0,,,188000
538,Pave,,AllPub,,1972,1972,0,,Detchd,1980.0,Unf,2,0,,MnWw,111250
539,Pave,,AllPub,,1968,1968,1,Fa,Attchd,1968.0,Unf,1,0,,,158000
540,Pave,,AllPub,,2001,2002,1,TA,Attchd,2001.0,RFn,2,0,,MnPrv,272000
541,Pave,,AllPub,85.0,2006,2006,1,Gd,Attchd,2006.0,Fin,3,0,,,315000
542,Pave,,AllPub,,2000,2000,1,TA,BuiltIn,2000.0,Fin,3,0,,,248000
543,Pave,,AllPub,78.0,1998,1999,1,TA,Attchd,1998.0,Fin,2,0,,,213250
544,Pave,,AllPub,34.0,1998,1998,0,,Attchd,1998.0,Fin,1,0,,,133000
545,Pave,,AllPub,58.0,2006,2006,1,Gd,Attchd,2006.0,RFn,2,0,,,179665
546,Pave,,AllPub,,1988,1988,0,,Attchd,1988.0,Unf,3,0,,,229000
547,Pave,,AllPub,70.0,1923,1950,1,Gd,Detchd,1950.0,Unf,2,0,,,210000
548,Pave,,AllPub,54.0,1970,1970,0,,Detchd,1987.0,Unf,2,0,,,129500
549,Pave,,AllPub,49.0,1955,1995,0,,Detchd,1963.0,RFn,2,0,,MnPrv,125000
550,Pave,,AllPub,75.0,2003,2004,1,Gd,BuiltIn,2003.0,Fin,2,0,,,263000
551,Pave,,AllPub,53.0,1977,1977,0,,Attchd,1977.0,RFn,2,0,,,140000
552,Pave,,AllPub,50.0,1957,1957,0,,Attchd,1957.0,Fin,1,0,,,112500
553,Pave,,AllPub,87.0,2006,2006,1,Gd,Attchd,2006.0,RFn,3,0,,,255500
554,Pave,,AllPub,67.0,1949,2003,0,,Detchd,2002.0,Fin,2,0,,MnPrv,108000
555,Pave,,AllPub,85.0,2003,2004,1,Gd,BuiltIn,2003.0,RFn,3,0,,,284000
556,Pave,,AllPub,58.0,1922,1950,1,Gd,Detchd,1922.0,Unf,1,0,,,113000
557,Pave,,AllPub,69.0,1957,1957,1,TA,Attchd,1957.0,Fin,1,0,,MnWw,141000
558,Pave,,AllPub,60.0,1920,1950,0,,CarPort,1994.0,Unf,1,0,,,108000
559,Pave,,AllPub,57.0,1996,1997,1,TA,Attchd,1996.0,Unf,2,0,,,175000
560,Pave,,AllPub,,2003,2004,1,TA,Attchd,2003.0,Fin,2,0,,,234000
561,Pave,,AllPub,,1957,1996,1,Gd,Detchd,1957.0,Unf,2,0,,,121500
562,Pave,,AllPub,77.0,1974,1975,1,TA,Attchd,1975.0,RFn,2,0,,,170000
563,Pave,,AllPub,63.0,1940,1969,1,Gd,,,,0,0,,,108000
564,Pave,,AllPub,66.0,1918,1950,1,Gd,Detchd,1955.0,Fin,2,0,,,185000
565,Pave,,AllPub,,1992,2000,1,TA,Attchd,1992.0,RFn,2,0,,,268000
566,Pave,,AllPub,66.0,1915,1950,0,,Detchd,1920.0,Unf,1,0,,,128000
567,Pave,,AllPub,77.0,2005,2007,1,Gd,BuiltIn,2005.0,Fin,3,0,,,325000
568,Pave,,AllPub,70.0,2004,2004,0,,Attchd,2004.0,RFn,2,0,,,214000
569,Pave,,AllPub,79.0,1983,2009,1,Gd,BuiltIn,1983.0,Fin,2,0,,,316600
570,Pave,,AllPub,,1979,1979,2,TA,Detchd,1979.0,Unf,2,0,,,135960
571,Pave,,AllPub,74.0,1965,1965,0,,Detchd,1987.0,Unf,2,0,,,142600
572,Pave,,AllPub,60.0,1959,1959,0,,Attchd,1959.0,Unf,1,0,,,120000
573,Pave,,AllPub,83.0,2009,2009,0,,Attchd,2009.0,RFn,2,0,,,224500
574,Pave,,AllPub,76.0,2000,2000,1,TA,BuiltIn,2000.0,RFn,2,0,,,170000
575,Pave,,AllPub,70.0,1971,2005,0,,BuiltIn,1971.0,Unf,1,0,,GdWo,139000
576,Pave,,AllPub,80.0,1947,1950,0,,Detchd,1947.0,Unf,1,0,,,118500
577,Pave,,AllPub,52.0,1928,1950,1,Gd,Detchd,1928.0,Unf,1,0,,,145000
578,Pave,,AllPub,96.0,1966,1966,2,Fa,Attchd,1966.0,RFn,2,0,,,164500
579,Pave,Pave,AllPub,34.0,2007,2007,0,,Detchd,2007.0,Unf,2,0,,,146000
580,Pave,Grvl,AllPub,81.0,1954,1954,0,,Attchd,1954.0,Unf,1,0,,,131500
581,Pave,,AllPub,,1960,1987,2,Gd,Attchd,1960.0,Unf,2,0,,,181900
582,Pave,,AllPub,98.0,2008,2009,1,Gd,Attchd,2009.0,RFn,3,0,,,253293
583,Grvl,,AllPub,81.0,1990,1990,0,,,,,0,0,,,118500
584,Pave,,AllPub,75.0,1893,2000,1,Gd,Detchd,1988.0,Unf,2,0,,,325000
585,Pave,,AllPub,51.0,1935,1995,0,,Detchd,1935.0,Unf,1,0,,,133000
586,Pave,,AllPub,88.0,2005,2006,2,Gd,Attchd,2005.0,RFn,3,0,,,369900
587,Pave,,AllPub,55.0,1918,2000,0,,Detchd,1961.0,Fin,1,0,,MnWw,130000
588,Pave,,AllPub,74.0,1982,1982,0,,Detchd,1996.0,Unf,2,0,,,137000
589,Pave,,AllPub,65.0,1968,2003,2,Gd,Attchd,1968.0,Unf,1,0,,,143000
590,Pave,,AllPub,50.0,1930,1960,0,,Detchd,1988.0,Unf,1,0,,,79500
591,Pave,,AllPub,64.0,2004,2004,0,,Attchd,2004.0,RFn,2,0,,,185900
592,Pave,,AllPub,97.0,2008,2008,1,Gd,BuiltIn,2008.0,RFn,3,0,,,451950
593,Pave,,AllPub,60.0,1982,2003,0,,Detchd,1985.0,Fin,2,0,,,138000
594,Pave,,AllPub,,2003,2003,0,,Attchd,2003.0,Fin,2,0,,,140000
595,Pave,,AllPub,88.0,1975,1975,0,,Detchd,1981.0,Unf,1,0,,MnPrv,110000
596,Pave,,AllPub,69.0,2005,2006,1,TA,Attchd,2005.0,Fin,3,0,,,319000
597,Pave,Grvl,AllPub,60.0,1910,1993,0,,Detchd,1930.0,Unf,1,0,,,114504
598,Pave,,AllPub,53.0,2006,2007,1,Gd,Attchd,2006.0,Fin,3,0,,,194201
599,Pave,,AllPub,80.0,1977,1977,1,TA,Attchd,1977.0,Fin,2,0,,,217500
600,Pave,,AllPub,24.0,1980,1980,1,TA,Attchd,1980.0,Fin,2,0,,GdPrv,151000
601,Pave,,AllPub,74.0,2005,2005,1,Gd,BuiltIn,2003.0,Fin,2,0,,,275000
602,Pave,,AllPub,50.0,1937,1950,1,Gd,Detchd,1979.0,Unf,1,0,,,141000
603,Pave,,AllPub,80.0,1992,1992,1,TA,Attchd,1992.0,Fin,2,0,,,220000
604,Pave,Pave,AllPub,30.0,2004,2005,0,,Detchd,2004.0,RFn,2,0,,,151000
605,Pave,,AllPub,88.0,2002,2002,1,TA,Attchd,2002.0,RFn,2,0,,,221000
606,Pave,,AllPub,85.0,1965,1990,3,Fa,Attchd,1965.0,Unf,2,0,,,205000
607,Pave,,AllPub,82.0,1996,1996,0,,Detchd,2000.0,Unf,2,0,,GdPrv,152000
608,Pave,,AllPub,78.0,1948,2002,0,,Attchd,1948.0,Unf,1,0,,,225000
609,Pave,,AllPub,78.0,1934,1998,2,Gd,Basment,1934.0,Unf,2,0,,,359100
610,Pave,,AllPub,61.0,1961,1961,0,,Attchd,1961.0,Unf,1,0,,,118500
611,Pave,,AllPub,,2000,2000,2,Ex,Attchd,2000.0,Fin,3,0,,,313000
612,Pave,,AllPub,,1978,1978,1,TA,Attchd,1978.0,Unf,2,0,,MnPrv,148000
613,Pave,,AllPub,,2001,2001,1,TA,BuiltIn,2001.0,RFn,2,0,,,261500
614,Pave,,AllPub,70.0,2007,2007,0,,,,,0,0,,,147000
615,Pave,,AllPub,21.0,1972,1972,0,,,,,0,0,,,75500
616,Pave,,AllPub,80.0,1963,1963,0,,Attchd,1963.0,RFn,2,0,,MnPrv,137500
617,Pave,,AllPub,,2002,2003,1,Gd,Attchd,2002.0,Fin,2,0,,,183200
618,Pave,,AllPub,59.0,1954,1954,0,,Detchd,1962.0,Unf,2,0,,,105500
619,Pave,,AllPub,90.0,2007,2007,1,Gd,Attchd,2007.0,Unf,3,0,,,314813
620,Pave,,AllPub,85.0,2003,2003,2,Gd,Attchd,2003.0,Fin,3,0,,,305000
621,Pave,Grvl,AllPub,45.0,1914,1950,0,,,,,0,0,,,67000
622,Pave,,AllPub,90.0,1974,1997,1,TA,Attchd,1974.0,RFn,2,0,,,240000
623,Pave,,AllPub,71.0,1977,1977,0,,Detchd,1986.0,Unf,2,0,,,135000
624,Pave,,AllPub,,2000,2000,1,TA,Detchd,2000.0,Unf,2,0,,,168500
625,Pave,,AllPub,80.0,1972,1972,1,TA,Attchd,1972.0,RFn,2,0,,,165150
626,Pave,,AllPub,87.0,1962,1962,0,,Attchd,1962.0,Unf,2,0,,,160000
627,Pave,,AllPub,,1960,1978,1,TA,Attchd,1960.0,RFn,1,0,,GdWo,139900
628,Pave,,AllPub,80.0,1955,1972,2,Gd,Basment,1955.0,RFn,1,0,,,153000
629,Pave,,AllPub,70.0,1969,1969,2,TA,Attchd,1969.0,Unf,2,0,,,135000
630,Pave,,AllPub,82.0,1964,1964,0,,Attchd,1964.0,RFn,2,0,,GdPrv,168500
631,Pave,Grvl,AllPub,50.0,1880,1991,0,,Detchd,1937.0,Unf,1,0,,MnPrv,124000
632,Pave,,AllPub,34.0,2006,2006,1,Gd,Attchd,2006.0,RFn,2,0,,,209500
633,Pave,,AllPub,85.0,1977,1977,1,TA,Attchd,1977.0,Fin,2,0,,,82500
634,Pave,,AllPub,80.0,1954,2005,0,,Attchd,1954.0,Unf,1,0,,,139400
635,Pave,,AllPub,64.0,1980,1980,0,,Detchd,1980.0,Unf,2,0,,GdPrv,144000
636,Pave,Pave,AllPub,60.0,1914,1995,0,,,,,0,0,,,200000
637,Pave,,AllPub,51.0,1936,1950,1,Po,,,,0,0,,,60000
638,Pave,,AllPub,50.0,1954,1954,0,,BuiltIn,1954.0,Unf,1,0,,,93000
639,Pave,,AllPub,67.0,1910,1950,0,,,,,0,0,,MnPrv,85000
640,Pave,,AllPub,53.0,2006,2006,1,Gd,Attchd,2006.0,Fin,3,0,,,264561
641,Pave,,AllPub,62.0,2003,2004,1,Gd,Attchd,2003.0,RFn,2,0,,,274000
642,Pave,,AllPub,,2001,2001,1,TA,Attchd,2001.0,Fin,2,0,,,226000
643,Pave,,AllPub,75.0,1972,1995,3,TA,Attchd,1972.0,Fin,2,0,,MnPrv,345000
644,Pave,,AllPub,80.0,1969,1969,0,,Attchd,1969.0,Fin,2,0,,GdWo,152000
645,Pave,,AllPub,85.0,2009,2009,1,Gd,Attchd,2009.0,Fin,3,0,,,370878
646,Pave,,AllPub,,1971,1971,0,,Detchd,1979.0,Unf,2,0,,,143250
647,Pave,,AllPub,60.0,1950,1950,0,,Detchd,1950.0,Unf,2,0,,,98300
648,Pave,,AllPub,85.0,1953,1953,2,Gd,Attchd,1953.0,RFn,2,0,,,155000
649,Pave,,AllPub,70.0,1966,1966,1,TA,Attchd,1966.0,Unf,2,0,,,155000
650,Pave,,AllPub,21.0,1970,1970,0,,,,,0,0,,MnPrv,84500
651,Pave,,AllPub,65.0,2007,2007,0,,Attchd,2007.0,RFn,2,0,,,205950
652,Pave,,AllPub,60.0,1940,1950,1,Gd,Detchd,1940.0,Unf,1,0,,MnPrv,108000
653,Pave,,AllPub,70.0,1996,1996,1,TA,Attchd,1996.0,RFn,2,0,,,191000
654,Pave,Grvl,AllPub,60.0,1906,1995,0,,Detchd,1906.0,Unf,1,0,,MnPrv,135000
655,Pave,,AllPub,91.0,1995,1995,1,TA,Attchd,1995.0,Fin,3,0,,,350000
656,Pave,,AllPub,21.0,1971,1971,0,,Detchd,1971.0,Unf,1,0,,,88000
657,Pave,,AllPub,72.0,1959,2006,0,,Attchd,1959.0,RFn,1,0,,MnPrv,145500
658,Pave,,AllPub,60.0,1931,2000,1,Gd,Attchd,1931.0,RFn,1,0,,MnPrv,149000
659,Pave,,AllPub,78.0,1948,1950,1,Gd,Attchd,1948.0,Unf,1,0,,,97500
660,Pave,,AllPub,75.0,1964,1999,0,,Detchd,1968.0,Fin,2,0,,MnPrv,167000
661,Pave,,AllPub,,1976,1976,1,TA,Attchd,1976.0,RFn,2,0,,,197900
662,Pave,,AllPub,52.0,1994,2005,1,TA,Attchd,1994.0,RFn,3,0,,,402000
663,Pave,,AllPub,120.0,1968,1968,2,TA,Attchd,1968.0,RFn,2,0,,,110000
664,Pave,,AllPub,90.0,1972,1972,0,,Detchd,1974.0,RFn,2,0,,MnPrv,137500
665,Pave,,AllPub,49.0,2005,2006,1,Ex,Attchd,2005.0,Fin,3,0,,,423000
666,Pave,,AllPub,106.0,2000,2000,1,TA,Attchd,2000.0,RFn,2,0,,,230500
667,Pave,,AllPub,,1965,1979,1,Po,CarPort,1965.0,Unf,2,0,,,129000
668,Pave,,AllPub,65.0,1994,1998,1,Fa,Attchd,1994.0,RFn,2,0,,,193500
669,Pave,,AllPub,,1956,1987,1,TA,Detchd,1999.0,Unf,2,0,,,168000
670,Pave,,AllPub,80.0,1922,1950,1,Gd,Detchd,1922.0,Unf,1,0,,,137500
671,Pave,,AllPub,64.0,2005,2005,0,,Attchd,2005.0,Fin,2,0,,,173500
672,Pave,,AllPub,54.0,1925,1950,0,,Detchd,1930.0,Unf,1,0,,,103600
673,Pave,,AllPub,,1977,1977,1,TA,Attchd,1977.0,RFn,2,0,,,165000
674,Pave,,AllPub,110.0,1957,2004,2,TA,Attchd,1957.0,Fin,2,0,,,257500
675,Pave,,AllPub,80.0,1965,1965,1,Gd,Attchd,1965.0,RFn,1,0,,,140000
676,Pave,,AllPub,24.0,1978,1978,1,TA,Attchd,1978.0,Unf,2,0,,,148500
677,Pave,Grvl,AllPub,60.0,1900,1950,0,,2Types,1920.0,Unf,3,0,,,87000
678,Pave,,AllPub,52.0,1924,2006,0,,Detchd,1924.0,Unf,1,0,,,109500
679,Pave,,AllPub,80.0,2008,2008,1,Gd,Attchd,2008.0,Fin,3,0,,,372500
680,Pave,,AllPub,,1961,1961,0,,Detchd,1963.0,Unf,2,0,,,128500
681,Pave,,AllPub,50.0,1980,1980,1,TA,Attchd,1980.0,RFn,1,0,,,143000
682,Pave,Pave,AllPub,55.0,1932,2000,0,,Detchd,1968.0,Unf,1,0,,,159434
683,Pave,,AllPub,,1996,1997,1,Gd,Attchd,1996.0,Unf,2,0,,,173000
684,Pave,,AllPub,90.0,2002,2002,1,TA,Attchd,2002.0,Fin,3,0,,,285000
685,Pave,,AllPub,58.0,1998,1998,0,,Attchd,1998.0,Fin,2,0,,,221000
686,Pave,,AllPub,,1984,1984,1,TA,Attchd,1984.0,Fin,2,0,,,207500
687,Pave,,AllPub,84.0,2007,2007,0,,Attchd,2007.0,Fin,2,0,,,227875
688,Pave,,AllPub,,2004,2004,0,,Detchd,2004.0,Unf,2,0,,,148800
689,Pave,,AllPub,60.0,2007,2007,1,Gd,Attchd,2007.0,RFn,2,0,,,392000
690,Pave,,AllPub,61.0,2005,2006,1,Gd,Attchd,2005.0,RFn,2,0,,,194700
691,Pave,,AllPub,,2004,2004,1,TA,Attchd,2004.0,RFn,2,0,,,141000
692,Pave,,AllPub,104.0,1994,1995,2,Ex,Attchd,1994.0,Fin,3,0,,,755000
693,Pave,,AllPub,42.0,1989,1990,2,Gd,Attchd,1989.0,RFn,2,0,,,335000
694,Pave,,AllPub,60.0,1921,1968,0,,Detchd,1968.0,Unf,1,0,,,108480
695,Pave,,AllPub,51.0,1936,1950,0,,Detchd,1995.0,Unf,2,0,,MnPrv,141500
696,Pave,,AllPub,54.0,1987,1987,1,TA,Attchd,1987.0,Unf,2,0,,,176000
697,Pave,,AllPub,50.0,1921,1950,0,,Detchd,1921.0,Unf,1,0,,,89000
698,Pave,,AllPub,57.0,1952,1952,0,,Detchd,1952.0,Unf,1,0,,,123500
699,Pave,,AllPub,65.0,1965,2009,1,Gd,Detchd,1973.0,Unf,1,0,,MnPrv,138500
700,Pave,Pave,AllPub,59.0,2004,2004,0,,Attchd,2004.0,RFn,2,0,,,196000
701,Pave,,AllPub,85.0,2002,2002,1,Gd,Attchd,2002.0,Fin,3,0,,,312500
702,Pave,,AllPub,80.0,1969,1969,0,,Attchd,1969.0,Unf,2,0,,,140000
703,Pave,,AllPub,82.0,2006,2006,1,Gd,BuiltIn,2006.0,Fin,3,0,,,361919
704,Pave,,AllPub,76.0,1900,1996,1,Po,Detchd,1999.0,Unf,2,0,,MnPrv,140000
705,Pave,,AllPub,70.0,2004,2005,0,,Attchd,2004.0,RFn,2,0,,,213000
706,Pave,,AllPub,70.0,1930,1950,0,,,,,0,0,,,55000
707,Pave,,AllPub,,1971,2002,2,TA,Attchd,1971.0,Unf,2,0,,,302000
708,Pave,,AllPub,48.0,2006,2006,1,Gd,Attchd,2006.0,Fin,2,0,,,254000
709,Pave,,AllPub,65.0,2007,2007,1,Gd,Attchd,2007.0,Fin,2,0,,,179540
710,Pave,,AllPub,,1966,1966,0,,Attchd,1966.0,Unf,1,0,,MnPrv,109900
711,Pave,,AllPub,56.0,1935,2003,0,,,,,0,0,,,52000
712,Pave,Pave,AllPub,66.0,1900,1950,0,,Detchd,1964.0,RFn,1,0,,,102776
713,Pave,,AllPub,40.0,1988,1989,1,Gd,Attchd,1988.0,Fin,2,0,,,189000
714,Pave,,AllPub,60.0,1970,1970,0,,Detchd,1970.0,Unf,2,0,,,129000
715,Pave,,AllPub,,1976,2005,0,,Attchd,1976.0,RFn,2,0,,,130500
716,Pave,,AllPub,78.0,1974,1974,1,TA,Attchd,1974.0,RFn,2,0,,MnPrv,165000
717,Pave,Grvl,AllPub,60.0,1890,1998,0,,Detchd,1996.0,Unf,2,0,,,159500
718,Pave,,AllPub,80.0,1973,2000,1,Fa,Attchd,1973.0,Unf,2,0,,MnPrv,157000
719,Pave,,AllPub,96.0,1993,1994,1,TA,Attchd,1993.0,RFn,3,0,,,341000
720,Pave,,AllPub,69.0,1969,1969,1,Po,Attchd,1969.0,Unf,1,0,,,128500
721,Pave,,AllPub,,1985,1985,1,TA,Attchd,1985.0,RFn,2,0,,,275000
722,Pave,,AllPub,,2004,2004,0,,Attchd,2004.0,RFn,2,0,,,143000
723,Pave,,AllPub,70.0,1970,1970,0,,Detchd,1994.0,Unf,2,0,,,124500
724,Pave,,AllPub,60.0,1954,1972,0,,Detchd,1958.0,Unf,1,0,,,135000
725,Pave,,AllPub,86.0,2007,2008,1,Gd,Attchd,2007.0,Fin,3,0,,,320000
726,Pave,,AllPub,60.0,1970,1970,0,,Detchd,1989.0,Unf,2,0,,,120500
727,Pave,,AllPub,,1988,2007,1,Gd,Attchd,1988.0,Fin,2,0,,,222000
728,Pave,,AllPub,64.0,2007,2007,0,,Attchd,2007.0,RFn,2,0,,,194500
729,Pave,,AllPub,85.0,1958,1958,0,,Detchd,1968.0,Unf,3,0,,,110000
730,Pave,Grvl,AllPub,52.0,1925,1950,0,,Detchd,1962.0,Unf,2,0,,,103000
731,Pave,,AllPub,39.0,1995,1996,1,TA,Attchd,1995.0,RFn,2,0,,,236500
732,Pave,,AllPub,73.0,2003,2003,1,Gd,Attchd,2003.0,Fin,2,0,,,187500
733,Pave,,AllPub,75.0,1998,1999,1,TA,Attchd,1998.0,Fin,2,0,,,222500
734,Pave,,AllPub,80.0,1961,1983,1,TA,Attchd,1961.0,RFn,1,0,,GdWo,131400
735,Pave,,AllPub,,1968,1968,0,,Attchd,1968.0,Unf,1,0,,,108000
736,Pave,,AllPub,60.0,1914,1970,2,TA,Detchd,1914.0,Unf,2,0,,,163000
737,Pave,,AllPub,60.0,1950,1950,0,,Detchd,1949.0,Unf,2,0,,,93500
738,Pave,,AllPub,72.0,2005,2005,1,Gd,Attchd,2005.0,Fin,3,0,,,239900
739,Pave,,AllPub,60.0,1987,1988,0,,,,,0,0,,,179000
740,Pave,,AllPub,65.0,2004,2004,0,,Attchd,2004.0,RFn,2,0,,,190000
741,Pave,Grvl,AllPub,60.0,1910,2002,0,,Detchd,1910.0,Unf,2,0,,GdPrv,132000
742,Pave,,AllPub,65.0,1961,1996,0,,Detchd,1962.0,Unf,1,0,,GdPrv,142000
743,Pave,,AllPub,65.0,2000,2001,0,,Attchd,2000.0,Unf,2,0,,GdPrv,179000
744,Pave,,AllPub,70.0,1963,1999,1,TA,Attchd,1997.0,RFn,2,0,,,175000
745,Pave,,AllPub,41.0,1993,1993,1,TA,Attchd,1993.0,RFn,2,0,,,180000
746,Pave,,AllPub,,1976,1996,2,TA,BuiltIn,1994.0,Fin,2,0,,,299800
747,Pave,,AllPub,,2000,2000,1,TA,BuiltIn,2000.0,Fin,2,0,,,236000
748,Pave,Pave,AllPub,65.0,1880,2003,1,Gd,Detchd,1950.0,Unf,4,0,,,265979
749,Pave,,AllPub,59.0,1996,1996,1,TA,Attchd,1996.0,Fin,2,0,,,260400
750,Pave,,AllPub,50.0,1945,1950,0,,Detchd,1945.0,Unf,1,0,,,98000
751,Pave,Grvl,AllPub,55.0,1910,2004,0,,,,,0,0,,,96500
752,Pave,,AllPub,,2003,2003,0,,Attchd,2003.0,Fin,2,0,,,162000
753,Pave,,AllPub,79.0,1997,1997,0,,Attchd,1997.0,RFn,2,0,,,217000
754,Pave,,AllPub,80.0,2005,2005,1,Gd,Attchd,2005.0,RFn,3,0,,,275500
755,Pave,,AllPub,61.0,1969,2005,0,,Detchd,1969.0,RFn,2,0,,,156000
756,Pave,Pave,AllPub,34.0,1999,1999,0,,Detchd,1999.0,Unf,2,0,,,172500
757,Pave,,AllPub,68.0,2007,2007,0,,Attchd,2007.0,RFn,2,0,,,212000
758,Pave,,AllPub,,1978,1978,1,TA,Attchd,1978.0,Fin,2,0,,GdPrv,158900
759,Pave,Pave,AllPub,24.0,1999,1999,0,,Detchd,1999.0,Unf,2,0,,,179400
760,Pave,,AllPub,65.0,1995,1995,1,TA,Attchd,1995.0,RFn,3,0,,,290000
761,Pave,,AllPub,70.0,1959,1959,0,,Detchd,2008.0,Unf,1,0,,,127500
762,Pave,,AllPub,60.0,1924,1950,0,,Detchd,1965.0,Unf,2,0,,,100000
763,Pave,,AllPub,72.0,2009,2009,0,,Attchd,2009.0,Unf,2,0,,,215200
764,Pave,,AllPub,82.0,1999,1999,1,Gd,Attchd,1999.0,RFn,3,0,,,337000
765,Pave,,AllPub,30.0,1995,1996,1,Gd,Attchd,1995.0,Fin,2,0,,,270000
766,Pave,,AllPub,75.0,2008,2008,1,Gd,Attchd,2008.0,Fin,2,0,,,264132
767,Pave,,AllPub,80.0,1988,1988,1,TA,Attchd,1988.0,Unf,2,0,,MnPrv,196500
768,Pave,,AllPub,75.0,1940,1985,0,,Attchd,1989.0,Unf,1,0,,,160000
769,Pave,,AllPub,70.0,2004,2005,1,Gd,Attchd,2004.0,Fin,2,0,,,216837
770,Pave,,AllPub,47.0,2003,2003,1,Gd,BuiltIn,2003.0,Fin,3,0,,,538000
771,Pave,,AllPub,,1982,1982,0,,Detchd,1983.0,Unf,2,0,,,134900
772,Pave,,AllPub,67.0,1951,1951,0,,Detchd,1951.0,Unf,2,0,,,102000
773,Pave,,AllPub,94.0,1976,1976,1,TA,Detchd,1976.0,Unf,2,0,,MnPrv,107000
774,Pave,,AllPub,70.0,1958,1958,0,,Attchd,1958.0,RFn,1,0,,,114500
775,Pave,,AllPub,110.0,2006,2006,1,Gd,Attchd,2006.0,Fin,3,0,,,395000
776,Pave,,AllPub,32.0,1998,1998,0,,Attchd,1998.0,Fin,2,0,,,162000
777,Pave,,AllPub,86.0,2005,2006,0,,Attchd,2005.0,RFn,3,0,,,221500
778,Pave,,AllPub,100.0,1974,1974,1,Fa,Attchd,1974.0,Unf,2,0,,MnPrv,142500
779,Pave,,AllPub,60.0,1977,1977,2,TA,Detchd,1977.0,Unf,2,0,,,144000
780,Pave,,AllPub,78.0,1977,1977,0,,Attchd,1977.0,Unf,2,0,,,135000
781,Pave,,AllPub,63.0,1995,1996,1,TA,Attchd,1995.0,Fin,2,0,,,176000
782,Pave,,AllPub,65.0,1992,1992,0,,Attchd,1992.0,RFn,2,0,,,175900
783,Pave,,AllPub,67.0,2001,2002,0,,Attchd,2001.0,RFn,2,0,,,187100
784,Pave,,AllPub,,1978,1978,1,TA,Attchd,1978.0,Fin,2,0,,,165500
785,Pave,Grvl,AllPub,35.0,1914,2001,1,Gd,,,,0,0,,,128000
786,Pave,,AllPub,,1967,1967,1,Gd,Attchd,1967.0,Unf,2,0,,,161500
787,Pave,,AllPub,60.0,1915,1950,0,,Detchd,1961.0,Unf,1,0,,,139000
788,Pave,,AllPub,76.0,2004,2004,0,,BuiltIn,2004.0,RFn,2,0,,,233000
789,Pave,,AllPub,50.0,1954,2000,0,,Detchd,1954.0,Unf,1,0,,,107900
790,Pave,,AllPub,,1966,2007,0,,Attchd,1966.0,Fin,2,0,,,187500
791,Pave,,AllPub,43.0,2005,2006,1,Gd,Attchd,2005.0,Fin,2,0,,,160200
792,Pave,,AllPub,,1976,1976,2,TA,Attchd,1976.0,RFn,2,0,,,146800
793,Pave,,AllPub,92.0,1996,1997,1,TA,Attchd,1997.0,Unf,2,0,,,269790
794,Pave,,AllPub,76.0,2007,2007,0,,Attchd,2007.0,Fin,2,0,,,225000
795,Pave,,AllPub,,1994,1996,1,TA,Attchd,1994.0,Fin,2,0,,,194500
796,Pave,,AllPub,70.0,1980,1981,1,TA,Attchd,1980.0,Unf,2,0,,MnPrv,171000
797,Pave,,AllPub,71.0,1977,1977,1,TA,Attchd,1977.0,RFn,2,0,,MnPrv,143500
798,Pave,,AllPub,57.0,1953,1953,0,,Attchd,1953.0,Unf,1,0,,,110000
799,Pave,,AllPub,104.0,2008,2009,2,Gd,BuiltIn,2009.0,Fin,3,0,,,485000
800,Pave,,AllPub,60.0,1937,1950,2,TA,Detchd,1939.0,Unf,1,0,,MnPrv,175000
801,Pave,,AllPub,79.0,1997,1997,0,,Attchd,1997.0,RFn,2,0,,,200000
802,Pave,,AllPub,40.0,1916,1990,0,,Detchd,1957.0,Unf,2,0,,,109900
803,Pave,,AllPub,63.0,2005,2005,1,Gd,Attchd,2005.0,Fin,2,0,,,189000
804,Pave,,AllPub,107.0,2008,2009,1,Gd,BuiltIn,2009.0,RFn,3,0,,,582933
805,Pave,,AllPub,75.0,1954,1954,0,,Attchd,1954.0,Unf,1,0,,GdWo,118000
806,Pave,,AllPub,91.0,2008,2008,0,,Attchd,2008.0,RFn,2,0,,,227680
807,Pave,,AllPub,75.0,1967,1967,0,,Attchd,1967.0,Fin,1,0,,,135500
808,Pave,,AllPub,144.0,1923,2004,1,TA,Attchd,1923.0,RFn,2,0,,,223500
809,Pave,,AllPub,85.0,1966,1966,1,Gd,Attchd,1966.0,RFn,2,0,,GdWo,159950
810,Pave,,AllPub,90.0,1898,1965,0,,Detchd,1910.0,Unf,2,0,,MnPrv,106000
811,Pave,,AllPub,78.0,1974,1999,1,Fa,Attchd,1974.0,RFn,2,648,Fa,GdPrv,181000
812,Pave,,AllPub,,2004,2004,1,Gd,Attchd,2004.0,Fin,2,0,,,144500
813,Grvl,,AllPub,66.0,1952,1952,0,,Basment,1952.0,Unf,2,0,,,55993
814,Pave,,AllPub,75.0,1958,1958,0,,Attchd,1958.0,RFn,1,0,,,157900
815,Pave,Grvl,AllPub,45.0,1918,1950,0,,Detchd,1955.0,Unf,1,0,,,116000
816,Pave,,AllPub,48.0,1998,1998,0,,Attchd,1998.0,RFn,2,0,,,224900
817,Pave,,AllPub,,1954,1954,1,Gd,Attchd,1954.0,RFn,1,0,,,137000
818,Pave,,AllPub,,2002,2002,2,Gd,Attchd,2002.0,RFn,3,0,,,271000
819,Pave,,AllPub,80.0,1971,1971,0,,Attchd,1971.0,Unf,2,0,,MnPrv,155000
820,Pave,,AllPub,44.0,2009,2010,1,Gd,Attchd,2010.0,RFn,2,0,,,224000
821,Pave,,AllPub,72.0,2003,2003,0,,Attchd,2003.0,RFn,2,0,,,183000
822,Pave,Pave,AllPub,60.0,1953,1953,0,,Detchd,1974.0,Unf,2,0,,,93000
823,Pave,,AllPub,,2003,2003,1,Gd,BuiltIn,2003.0,Fin,2,0,,,225000
824,Pave,,AllPub,60.0,1940,1950,1,Gd,Detchd,1940.0,Unf,1,0,,GdWo,139500
825,Pave,,AllPub,81.0,2006,2006,1,Gd,Attchd,2006.0,RFn,2,0,,,232600
826,Pave,,AllPub,114.0,2007,2008,1,Gd,Attchd,2007.0,Fin,3,0,,,385000
827,Pave,,AllPub,50.0,1924,1950,0,,,,,0,0,,,109500
828,Pave,,AllPub,65.0,2001,2001,1,TA,Attchd,2001.0,RFn,2,0,,,189000
829,Pave,,AllPub,,1967,1967,0,,Attchd,1967.0,Fin,2,0,,,185000
830,Pave,Pave,AllPub,24.0,2005,2005,0,,Detchd,2005.0,RFn,2,0,,,147400
831,Pave,,AllPub,80.0,1957,1957,2,Gd,Attchd,1957.0,RFn,2,0,,,166000
832,Pave,Pave,AllPub,30.0,2005,2005,0,,Detchd,2005.0,RFn,2,0,,,151000
833,Pave,,AllPub,44.0,2003,2003,1,TA,Attchd,2003.0,RFn,2,0,,,237000
834,Pave,,AllPub,100.0,1964,1964,0,,Attchd,1964.0,RFn,2,0,,,167000
835,Pave,,AllPub,75.0,1961,1961,0,,Attchd,1961.0,Unf,2,0,,GdWo,139950
836,Pave,,AllPub,60.0,1950,1995,0,,Attchd,1996.0,Unf,2,0,,,128000
837,Pave,Pave,AllPub,90.0,1948,1973,0,,Detchd,1948.0,Unf,2,0,,GdWo,153500
838,Pave,,AllPub,21.0,1973,1973,0,,Detchd,1973.0,Unf,1,0,,,100000
839,Pave,,AllPub,75.0,1995,2006,0,,Attchd,1999.0,Unf,1,0,,,144000
840,Pave,,AllPub,70.0,1946,1995,0,,Detchd,1946.0,Unf,1,0,,,130500
841,Pave,,AllPub,,1925,1950,0,,Detchd,1934.0,Unf,1,0,,,140000
842,Pave,Grvl,AllPub,60.0,1904,2002,1,Po,Detchd,1983.0,Unf,2,0,,,157500
843,Pave,,AllPub,82.0,1966,1966,0,,Attchd,1966.0,RFn,2,0,,GdPrv,174900
844,Pave,,AllPub,80.0,1961,1961,0,,,,,0,0,,,141000
845,Pave,Grvl,AllPub,100.0,1915,1950,1,Gd,Detchd,1949.0,Unf,3,0,,,153900
846,Pave,,AllPub,,1975,1981,2,TA,Basment,1975.0,Fin,2,0,,,171000
847,Pave,,AllPub,75.0,1993,1993,1,TA,Attchd,1993.0,Unf,2,0,,,213000
848,Pave,,AllPub,36.0,1972,1972,1,Fa,Attchd,1972.0,Unf,1,0,,,133500
849,Pave,,AllPub,75.0,1908,1997,1,Gd,Detchd,1908.0,Unf,2,0,,,240000
850,Pave,,AllPub,80.0,1976,1994,1,TA,Attchd,1976.0,RFn,2,0,,,187000
851,Pave,,AllPub,36.0,2003,2003,0,,Attchd,2003.0,Fin,2,0,,,131500
852,Pave,,AllPub,,2003,2003,1,TA,Attchd,2003.0,Fin,2,0,,,215000
853,Pave,,AllPub,53.0,1941,1950,2,Gd,Detchd,1941.0,Unf,1,0,,MnPrv,164000
854,Pave,,AllPub,,1964,1964,1,Fa,Attchd,1964.0,RFn,2,0,,MnPrv,158000
855,Pave,,AllPub,102.0,1955,1974,1,Gd,Attchd,1955.0,Unf,2,0,,,170000
856,Pave,,AllPub,,1962,2010,0,,Detchd,1962.0,Unf,1,0,,,127000
857,Pave,,AllPub,,1978,1978,0,,Detchd,1981.0,Unf,2,0,,MnPrv,147000
858,Pave,,AllPub,65.0,1994,1995,1,TA,Attchd,1994.0,Fin,2,0,,,174000
859,Pave,,AllPub,80.0,1976,1976,1,TA,Attchd,1976.0,RFn,2,0,,MnPrv,152000
860,Pave,,AllPub,,1968,1984,1,Gd,Attchd,1968.0,Unf,2,0,,,250000
861,Pave,,AllPub,55.0,1918,1998,1,Gd,Detchd,1925.0,Unf,1,0,,GdPrv,189950
862,Pave,,AllPub,75.0,1965,1965,0,,Attchd,1965.0,Unf,2,0,,,131500
863,Pave,,AllPub,81.0,1984,1985,0,,Attchd,1986.0,Unf,2,0,,GdPrv,152000
864,Pave,,AllPub,70.0,1959,1959,0,,Attchd,1959.0,Unf,1,0,,GdPrv,132500
865,Pave,,AllPub,72.0,2007,2008,0,,Attchd,2008.0,Fin,2,0,,,250580
866,Pave,,AllPub,,1970,1970,0,,Detchd,1973.0,Unf,2,0,,MnPrv,148500
867,Pave,,AllPub,67.0,2006,2007,1,Gd,Attchd,2007.0,RFn,3,0,,,248900
868,Pave,,AllPub,85.0,1961,1961,0,,Attchd,1961.0,RFn,2,0,,,129000
869,Pave,,AllPub,,1948,1950,1,TA,Attchd,1979.0,Unf,2,0,,,169000
870,Pave,,AllPub,80.0,1993,1994,1,TA,Attchd,1993.0,Fin,2,0,,GdPrv,236000
871,Pave,,AllPub,60.0,1962,1962,0,,Detchd,1962.0,Unf,1,0,,,109500
872,Pave,,AllPub,70.0,1998,1998,0,,Attchd,1998.0,RFn,2,0,,,200500
873,Pave,,AllPub,74.0,1953,1996,0,,Attchd,1953.0,Unf,2,0,,GdWo,116000
874,Pave,,AllPub,60.0,1949,1950,1,Gd,Attchd,1949.0,Unf,1,0,,,133000
875,Pave,,AllPub,52.0,1941,1950,0,,Detchd,1941.0,Unf,1,0,,,66500
876,Pave,,AllPub,75.0,2007,2007,1,Gd,BuiltIn,2007.0,Fin,2,0,,,303477
877,Pave,,AllPub,94.0,1963,1963,0,,Attchd,1963.0,Unf,2,0,,,132250
878,Pave,,AllPub,74.0,2004,2005,1,Gd,Attchd,2004.0,Fin,3,0,,,350000
879,Pave,,AllPub,88.0,1961,1995,0,,Detchd,1987.0,Unf,2,0,,MnPrv,148000
880,Pave,,AllPub,,1978,2005,0,,Attchd,1978.0,Unf,1,0,,GdWo,136500
881,Pave,,AllPub,60.0,2005,2006,0,,Attchd,2005.0,Fin,2,0,,,157000
882,Pave,,AllPub,44.0,1990,1991,1,TA,Attchd,1990.0,RFn,2,0,,,187500
883,Pave,,AllPub,,1992,1993,1,TA,BuiltIn,1993.0,RFn,2,0,,MnPrv,178000
884,Pave,,AllPub,60.0,1912,1950,0,,Detchd,1997.0,Unf,1,0,,,118500
885,Pave,,AllPub,65.0,1967,1967,0,,Attchd,1967.0,RFn,1,0,,GdWo,100000
886,Pave,,AllPub,50.0,1999,2000,1,TA,Attchd,1999.0,Fin,2,0,,,328900
887,Pave,,AllPub,70.0,1959,2005,0,,Attchd,2005.0,Fin,2,0,,,145000
888,Pave,,AllPub,59.0,1955,1955,0,,Attchd,1955.0,Unf,1,0,,,135500
889,Pave,,AllPub,95.0,1970,1970,1,TA,Attchd,1970.0,Unf,2,0,,,268000
890,Pave,,AllPub,128.0,1953,1953,1,TA,Attchd,1953.0,RFn,2,0,,,149500
891,Pave,,AllPub,60.0,1949,2006,1,Po,Detchd,2003.0,Unf,2,0,,MnPrv,122900
892,Pave,,AllPub,70.0,1978,1978,1,TA,Attchd,1978.0,RFn,2,0,,,172500
893,Pave,,AllPub,70.0,1963,2003,0,,Attchd,1963.0,RFn,1,0,,MnPrv,154500
894,Pave,,AllPub,,1954,1954,1,Gd,Attchd,1954.0,Unf,1,0,,GdPrv,165000
895,Pave,,AllPub,64.0,1979,1979,0,,Attchd,1979.0,Unf,2,0,,,118858
896,Pave,,AllPub,71.0,1963,1963,1,TA,Attchd,1963.0,RFn,2,0,,,140000
897,Pave,Grvl,AllPub,50.0,1936,1950,0,,Detchd,1936.0,Unf,1,0,,,106500
898,Pave,,AllPub,64.0,1979,1979,0,,Detchd,1979.0,Unf,2,0,,,142953
899,Pave,,AllPub,100.0,2009,2010,2,Gd,Attchd,2009.0,Fin,3,0,,,611657
900,Pave,,AllPub,65.0,1961,1994,1,TA,Attchd,1961.0,Unf,1,0,,,135000
901,Pave,,AllPub,,1971,1971,0,,Detchd,1979.0,Unf,1,0,,,110000
902,Pave,,AllPub,64.0,1957,2000,0,,Detchd,1968.0,Unf,1,0,,,153000
903,Pave,,AllPub,63.0,2003,2003,1,Gd,Attchd,2003.0,Fin,2,0,,,180000
904,Pave,,AllPub,50.0,2006,2006,1,Gd,Attchd,2006.0,RFn,3,0,,,240000
905,Pave,,AllPub,,1967,1967,0,,Attchd,1967.0,Unf,1,0,,MnPrv,125500
906,Pave,,AllPub,80.0,1954,1954,0,,Attchd,1954.0,RFn,1,0,,MnPrv,128000
907,Pave,,AllPub,116.0,2006,2006,1,Gd,Attchd,2006.0,RFn,3,0,,,255000
908,Pave,,AllPub,86.0,1936,1987,1,Gd,Attchd,1936.0,Fin,1,0,,,250000
909,Pave,,AllPub,,1983,1983,0,,Attchd,1983.0,Unf,2,0,,MnPrv,131000
910,Pave,,AllPub,149.0,2005,2005,1,Gd,Attchd,2005.0,Fin,2,0,,,174000
911,Pave,,AllPub,80.0,1960,1960,0,,Detchd,1960.0,Unf,2,0,,,154300
912,Pave,,AllPub,,1977,1989,0,,Detchd,1978.0,Unf,1,0,,,143500
913,Pave,,AllPub,51.0,1925,1950,0,,Detchd,1925.0,Unf,1,0,,MnPrv,88000
914,Pave,,AllPub,82.0,1949,1950,0,,2Types,1949.0,Unf,3,0,,,145000
915,Pave,Pave,AllPub,30.0,2009,2009,0,,Detchd,2009.0,RFn,2,0,,,173733
916,Pave,,AllPub,21.0,1970,1970,0,,Attchd,1970.0,Unf,1,0,,,75000
917,Pave,,AllPub,50.0,1949,1950,0,,Detchd,1958.0,Unf,1,0,,,35311
918,Pave,,AllPub,,1956,1956,0,,Attchd,1956.0,RFn,1,0,,,135000
919,Pave,,AllPub,103.0,1991,1991,1,TA,Attchd,1991.0,RFn,3,0,,GdPrv,238000
920,Pave,,AllPub,87.0,1958,2002,1,TA,Attchd,1990.0,Unf,2,0,,,176500
921,Pave,,AllPub,70.0,1994,1994,0,,Attchd,1994.0,RFn,2,0,,,201000
922,Pave,,AllPub,67.0,1900,2003,0,,,,,0,0,,GdPrv,145900
923,Pave,,AllPub,65.0,2005,2006,1,Gd,Attchd,2005.0,Fin,2,0,,,169990
924,Pave,,AllPub,50.0,1993,1994,1,Fa,Attchd,1993.0,RFn,2,0,,,193000
925,Pave,,AllPub,79.0,1980,1980,1,TA,Attchd,1980.0,Unf,2,0,,,207500
926,Pave,,AllPub,,1977,1977,0,,Attchd,1977.0,RFn,2,0,,,175000
927,Pave,,AllPub,93.0,2003,2004,1,Gd,BuiltIn,2003.0,Fin,3,0,,,285000
928,Pave,,AllPub,,1968,1968,1,Gd,Attchd,1968.0,RFn,2,0,,GdPrv,176000
929,Pave,,AllPub,,2001,2001,1,TA,Attchd,2001.0,RFn,2,0,,,236500
930,Pave,,AllPub,,1997,1997,1,TA,BuiltIn,1997.0,Fin,2,0,,,222000
931,Pave,,AllPub,73.0,2007,2007,0,,Attchd,2007.0,Fin,3,0,,,201000
932,Pave,,AllPub,70.0,1965,1965,0,,Detchd,1965.0,Unf,1,0,,GdWo,117500
933,Pave,,AllPub,84.0,2006,2006,1,Gd,Attchd,2006.0,Fin,3,0,,,320000
934,Pave,,AllPub,63.0,2004,2004,0,,Attchd,2004.0,RFn,2,0,,,190000
935,Pave,,AllPub,313.0,1960,2007,1,Gd,Attchd,1960.0,RFn,2,0,,,242000
936,Pave,,AllPub,52.0,1926,1953,0,,Detchd,1953.0,Unf,2,0,,,79900
937,Pave,,AllPub,67.0,2003,2003,0,,Attchd,2003.0,RFn,2,0,,,184900
938,Pave,,AllPub,75.0,2005,2005,1,Gd,Attchd,2005.0,RFn,2,0,,,253000
939,Pave,,AllPub,73.0,2006,2006,0,,Attchd,2006.0,RFn,3,0,,,239799
940,Pave,,AllPub,,1940,1950,2,TA,Attchd,1940.0,Unf,1,0,,,244400
941,Pave,,AllPub,55.0,1976,1976,0,,Attchd,1976.0,Unf,2,0,,,150900
942,Pave,,AllPub,,1999,1999,1,TA,BuiltIn,1999.0,RFn,2,0,,GdPrv,214000
943,Pave,,AllPub,42.0,1977,1977,0,,,,,0,0,,,150000
944,Pave,,AllPub,100.0,1967,1967,0,,Attchd,1967.0,Unf,2,0,,,143000
945,Pave,,NoSeWa,,1958,1958,1,Gd,Basment,1958.0,RFn,2,0,,,137500
946,Pave,,AllPub,98.0,1890,1996,0,,Detchd,1963.0,Unf,2,0,,MnWw,124900
947,Pave,,AllPub,70.0,1959,1959,1,TA,Attchd,1959.0,RFn,1,0,,,143000
948,Pave,,AllPub,85.0,2002,2003,1,Gd,Attchd,2002.0,Fin,3,0,,,270000
949,Pave,,AllPub,65.0,2002,2002,1,TA,Attchd,2002.0,RFn,2,0,,,192500
950,Pave,,AllPub,78.0,1972,2006,1,TA,Attchd,1972.0,RFn,2,0,,,197500
951,Pave,,AllPub,60.0,1950,2002,0,,Detchd,1980.0,RFn,2,0,,,129000
952,Pave,,AllPub,60.0,1965,1965,0,,Detchd,1979.0,Unf,1,0,,MnPrv,119900
953,Pave,,AllPub,60.0,1972,2003,0,,Detchd,1974.0,Fin,1,0,,MnPrv,133900
954,Pave,,AllPub,,1969,1969,1,Po,Attchd,1969.0,RFn,2,0,,MnPrv,172000
955,Pave,,AllPub,35.0,1975,1975,0,,,,,0,0,,,127500
956,Pave,,AllPub,82.0,1946,1950,0,,Attchd,1946.0,Unf,2,0,,,145000
957,Pave,,AllPub,24.0,1980,1980,1,TA,Attchd,1980.0,Fin,2,0,,GdPrv,124000
958,Pave,,AllPub,70.0,1962,1962,0,,Detchd,1977.0,Fin,2,0,,,132000
959,Pave,,AllPub,65.0,2003,2003,0,,Attchd,2003.0,RFn,2,0,,,185000
960,Pave,,AllPub,24.0,1999,1999,0,,Detchd,1999.0,Unf,2,0,,,155000
961,Pave,,AllPub,50.0,1958,2008,0,,,,,0,0,,,116500
962,Pave,,AllPub,,1977,1995,1,TA,Attchd,1977.0,Fin,2,0,,,272000
963,Pave,,AllPub,24.0,1976,1976,1,TA,Detchd,1976.0,Unf,2,0,,,155000
964,Pave,,AllPub,122.0,2007,2007,0,,Attchd,2007.0,Fin,2,0,,,239000
965,Pave,,AllPub,80.0,2002,2003,1,Gd,BuiltIn,2002.0,Fin,2,0,,,214900
966,Pave,,AllPub,65.0,2005,2007,1,Gd,Attchd,2005.0,Fin,2,0,,,178900
967,Pave,,AllPub,130.0,1940,1950,2,TA,Detchd,1940.0,Unf,1,0,,,160000
968,Pave,,AllPub,,1955,1955,0,,Attchd,1955.0,Unf,1,0,,,135000
969,Pave,,AllPub,50.0,1910,1950,0,,,,,0,0,,GdWo,37900
970,Pave,,AllPub,75.0,1958,1958,0,,Attchd,1958.0,RFn,1,0,,,140000
971,Pave,,AllPub,60.0,1949,1950,0,,,,,0,0,,,135000
972,Pave,,AllPub,36.0,2003,2004,0,,BuiltIn,2003.0,RFn,2,0,,,173000
973,Pave,,AllPub,55.0,1979,1979,1,TA,Attchd,1979.0,Unf,1,0,,,99500
974,Pave,,AllPub,95.0,2007,2008,0,,Attchd,2007.0,Fin,2,0,,,182000
975,Pave,,AllPub,60.0,1910,1993,0,,Detchd,1997.0,Unf,2,0,,GdPrv,167500
976,Pave,,AllPub,,2000,2000,0,,Detchd,2000.0,Unf,2,0,,,165000
977,Pave,,AllPub,51.0,1923,1958,0,,,,,0,0,,,85500
978,Pave,Pave,AllPub,35.0,2006,2007,0,,Attchd,2007.0,Fin,2,0,,,199900
979,Pave,,AllPub,68.0,1954,1954,0,,Detchd,1999.0,Unf,2,0,,,110000
980,Pave,,AllPub,80.0,1963,1963,0,,Detchd,1963.0,Unf,2,0,,MnPrv,139000
981,Pave,,AllPub,,1961,2007,0,,Attchd,1961.0,RFn,2,0,,,178400
982,Pave,,AllPub,98.0,1998,1999,1,TA,Attchd,1998.0,Fin,3,0,,,336000
983,Pave,,AllPub,43.0,2007,2007,1,Gd,Attchd,2007.0,Fin,2,0,,,159895
984,Pave,,AllPub,,2002,2002,1,Gd,Attchd,2002.0,Unf,2,0,,,255900
985,Pave,,AllPub,75.0,1977,1977,0,,Attchd,1977.0,Unf,2,0,,,126000
986,Pave,,AllPub,68.0,1950,1950,0,,Detchd,1950.0,Unf,1,0,,,125000
987,Pave,,AllPub,59.0,1910,2003,0,,Attchd,1950.0,Unf,1,0,,,117000
988,Pave,,AllPub,83.0,2009,2010,1,Gd,Attchd,2010.0,Fin,3,0,,,395192
989,Pave,,AllPub,,1976,1976,1,TA,Attchd,1976.0,Fin,2,0,,,195000
990,Pave,,AllPub,65.0,2006,2006,0,,Attchd,2006.0,RFn,2,0,,,197000
991,Pave,,AllPub,82.0,1997,1998,1,TA,Attchd,1997.0,Fin,3,0,,,348000
992,Pave,Grvl,AllPub,121.0,1882,1986,1,Gd,Attchd,1925.0,Unf,2,0,,,168000
993,Pave,,AllPub,80.0,1964,1993,1,Fa,Attchd,1964.0,RFn,2,0,,MnWw,187000
994,Pave,,AllPub,68.0,2005,2006,0,,Attchd,2005.0,RFn,2,0,,,173900
995,Pave,,AllPub,96.0,2006,2007,1,Gd,Attchd,2008.0,Fin,3,0,,,337500
996,Pave,,AllPub,51.0,1946,1950,0,,Detchd,1946.0,Unf,1,0,,MnPrv,121600
997,Pave,,AllPub,,1961,1961,0,,Attchd,1961.0,Unf,1,0,,,136500
998,Pave,,AllPub,,1970,1970,1,TA,Attchd,1970.0,RFn,2,0,,,185000
999,Pave,,AllPub,60.0,1922,1950,1,Gd,Detchd,1922.0,Unf,1,0,,,91000
1000,Pave,,AllPub,64.0,2006,2006,0,,Attchd,2006.0,RFn,2,0,,,206000
1001,Pave,,AllPub,74.0,1952,1952,0,,Detchd,1956.0,Unf,2,0,,,82000
1002,Pave,,AllPub,60.0,1920,1950,0,,Detchd,1920.0,Unf,1,0,,,86000
1003,Pave,,AllPub,75.0,2006,2006,1,Gd,Attchd,2006.0,RFn,3,0,,,232000
1004,Pave,,AllPub,,1976,1976,0,,Detchd,1976.0,Unf,2,0,,,136905
1005,Pave,,AllPub,43.0,2005,2006,1,Gd,Attchd,2005.0,Fin,2,0,,,181000
1006,Pave,,AllPub,65.0,1977,1977,0,,Attchd,1977.0,Unf,1,0,,,149900
1007,Pave,,AllPub,,1970,1970,1,TA,Attchd,1970.0,Unf,2,0,,,163500
1008,Pave,,AllPub,21.0,1970,1970,0,,Attchd,1970.0,RFn,1,0,,,88000
1009,Pave,,AllPub,43.0,2004,2005,1,Gd,Attchd,2004.0,Fin,2,0,,,240000
1010,Pave,,AllPub,60.0,1926,1950,0,,,,,0,0,,,102000
1011,Pave,,AllPub,115.0,1948,1950,1,Gd,Attchd,1948.0,Unf,1,0,,,135000
1012,Pave,,AllPub,75.0,1965,1965,0,,,,,0,0,,,100000
1013,Pave,,AllPub,55.0,1923,1996,2,TA,Detchd,1923.0,Unf,1,0,,,165000
1014,Pave,,AllPub,60.0,1910,2006,0,,Detchd,1956.0,Unf,1,0,,,85000
1015,Pave,,AllPub,60.0,1948,1950,1,Gd,Detchd,1948.0,Unf,1,0,,,119200
1016,Pave,,AllPub,70.0,2001,2001,0,,Attchd,2001.0,Fin,2,0,,,227000
1017,Pave,,AllPub,73.0,1996,1996,1,TA,Attchd,1996.0,Fin,2,0,,,203000
1018,Pave,,AllPub,,1984,1984,1,Ex,Attchd,1984.0,RFn,2,0,,,187500
1019,Pave,,AllPub,,1991,1992,1,TA,Attchd,1991.0,RFn,2,0,,,160000
1020,Pave,,AllPub,43.0,2005,2005,1,Gd,Attchd,2005.0,Fin,2,0,,,213490
1021,Pave,,AllPub,60.0,2005,2005,0,,Attchd,2005.0,Fin,2,0,,,176000
1022,Pave,,AllPub,64.0,2006,2006,0,,Attchd,2006.0,RFn,2,0,,,194000
1023,Pave,,AllPub,52.0,1930,1950,0,,Detchd,1957.0,Unf,1,0,,,87000
1024,Pave,,AllPub,43.0,2005,2006,1,Gd,Attchd,2005.0,Fin,2,0,,,191000
1025,Pave,,AllPub,,1976,1976,1,Gd,Attchd,1976.0,Fin,2,0,,,287000
1026,Pave,,AllPub,70.0,1972,1972,0,,Detchd,1980.0,Unf,2,0,,MnPrv,112500
1027,Pave,,AllPub,73.0,1960,1960,2,Gd,Attchd,1960.0,Unf,2,0,,,167500
1028,Pave,,AllPub,71.0,2007,2008,1,Gd,Attchd,2008.0,RFn,3,0,,,293077
1029,Pave,,AllPub,79.0,1941,1950,1,Gd,Attchd,1941.0,Unf,1,0,,,105000
1030,Pave,,AllPub,21.0,1972,1972,0,,Detchd,1972.0,Unf,1,0,,,118000
1031,Pave,,AllPub,,1916,1995,0,,,,,0,0,,,160000
1032,Pave,,AllPub,102.0,1920,1970,2,TA,Basment,1970.0,Fin,2,0,,,197000
1033,Pave,,AllPub,,1993,1993,1,TA,Attchd,1993.0,RFn,3,0,,,310000
1034,Pave,,AllPub,,2002,2002,0,,Attchd,2002.0,Unf,3,0,,,230000
1035,Pave,,AllPub,50.0,1938,1950,1,Gd,Basment,1938.0,Unf,1,0,,MnPrv,119750
1036,Pave,,AllPub,,1957,1957,0,,Detchd,1957.0,Unf,1,0,,,84000
1037,Pave,,AllPub,89.0,2007,2008,1,Ex,Attchd,2008.0,Fin,3,0,,,315500
1038,Pave,,AllPub,,2001,2002,1,TA,BuiltIn,2001.0,Fin,2,0,,,287000
1039,Pave,,AllPub,21.0,1970,2008,1,TA,,,,0,0,,,97000
1040,Pave,,AllPub,21.0,1970,1970,0,,Attchd,1970.0,Unf,1,0,,,80000
1041,Pave,,AllPub,88.0,1957,2000,1,TA,Attchd,1957.0,RFn,2,0,,GdPrv,155000
1042,Pave,,AllPub,,1966,2000,0,,Attchd,1966.0,Unf,2,0,,,173000
1043,Pave,,AllPub,34.0,2005,2005,1,Gd,Attchd,2005.0,RFn,2,0,,,196000
1044,Pave,,AllPub,86.0,1990,1990,1,Ex,Attchd,1990.0,Unf,2,0,,,262280
1045,Pave,,AllPub,80.0,1981,1981,1,Gd,Attchd,1981.0,Fin,2,0,,MnPrv,278000
1046,Pave,,AllPub,,1955,1955,1,Gd,Attchd,1955.0,Unf,2,0,,,139600
1047,Pave,,AllPub,85.0,2005,2006,1,Gd,BuiltIn,2005.0,Fin,3,0,,,556581
1048,Pave,,AllPub,57.0,1994,1995,0,,Detchd,1996.0,Unf,2,0,,,145000
1049,Pave,,AllPub,100.0,1960,2006,1,TA,Attchd,1960.0,Unf,2,0,,GdPrv,115000
1050,Pave,,AllPub,60.0,1946,2006,0,,Detchd,1946.0,Unf,1,0,,,84900
1051,Pave,,AllPub,73.0,2007,2007,0,,Attchd,2007.0,Fin,2,0,,,176485
1052,Pave,,AllPub,103.0,2007,2007,1,Gd,Attchd,2007.0,Fin,2,0,,,200141
1053,Pave,,AllPub,100.0,1964,1978,1,TA,Attchd,1964.0,RFn,2,0,,GdPrv,165000
1054,Pave,,AllPub,68.0,1957,2002,1,Gd,Basment,1957.0,Unf,1,0,,,144500
1055,Pave,,AllPub,90.0,2002,2002,1,Gd,Attchd,2002.0,Fin,2,0,,,255000
1056,Pave,,AllPub,104.0,1976,1976,1,TA,Attchd,1976.0,Fin,2,0,,MnPrv,180000
1057,Pave,,AllPub,43.0,2005,2005,1,Gd,Attchd,2005.0,RFn,2,0,,,185850
1058,Pave,,AllPub,,1994,1994,1,Gd,BuiltIn,1994.0,Fin,2,0,,,248000
1059,Pave,,AllPub,96.0,2008,2008,1,Gd,Attchd,2008.0,Fin,3,0,,,335000
1060,Pave,,AllPub,,1932,1950,1,Gd,Detchd,1977.0,Unf,2,0,,,220000
1061,Pave,,AllPub,41.0,2001,2001,0,,Attchd,2001.0,Fin,2,0,,,213500
1062,Grvl,,AllPub,120.0,1935,1950,0,,Detchd,1994.0,RFn,3,0,,,81000
1063,Pave,Grvl,AllPub,85.0,1900,1950,0,,Detchd,1945.0,Unf,2,0,,,90000
1064,Pave,,AllPub,50.0,1925,1980,1,Gd,Detchd,1976.0,Unf,2,0,,MnPrv,110500
1065,Pave,,AllPub,,1966,1966,1,Po,Attchd,1966.0,RFn,2,0,,MnPrv,154000
1066,Pave,,AllPub,80.0,1996,1997,0,,Attchd,1996.0,RFn,2,0,,,328000
1067,Pave,,AllPub,59.0,1993,1994,1,TA,Attchd,1993.0,RFn,2,0,,,178000
1068,Pave,,AllPub,80.0,1964,1964,0,,Attchd,1964.0,RFn,2,0,,,167900
1069,Pave,,AllPub,42.0,1973,1973,1,Gd,Attchd,1973.0,Fin,2,0,,GdPrv,151400
1070,Pave,,AllPub,60.0,1949,2003,0,,Detchd,1985.0,Unf,2,0,,,135000
1071,Pave,,AllPub,72.0,1956,1956,0,,Attchd,1956.0,Unf,1,0,,,135000
1072,Pave,,AllPub,78.0,1968,1968,0,,Attchd,1968.0,Unf,2,0,,,154000
1073,Pave,,AllPub,50.0,1948,1950,1,TA,Detchd,1954.0,Unf,1,0,,,91500
1074,Pave,,AllPub,75.0,1977,1977,0,,Attchd,1977.0,Fin,2,0,,MnPrv,159500
1075,Pave,,AllPub,74.0,2006,2006,0,,Attchd,2006.0,RFn,3,0,,,194000
1076,Pave,,AllPub,75.0,1940,1984,2,Gd,Attchd,1940.0,Unf,1,0,,,219500
1077,Pave,Grvl,AllPub,60.0,1936,1989,1,TA,Attchd,1950.0,Unf,2,0,,,170000
1078,Pave,,AllPub,,1969,1969,0,,Attchd,1969.0,Fin,1,0,,,138800
1079,Pave,,AllPub,37.0,2004,2004,1,Gd,Attchd,2004.0,RFn,2,0,,,155900
1080,Pave,,AllPub,65.0,1994,1994,0,,Attchd,1996.0,Unf,1,0,,,126000
1081,Pave,,AllPub,80.0,1971,2004,0,,Attchd,1971.0,RFn,2,0,,,145000
1082,Pave,,AllPub,75.0,1963,1963,0,,Attchd,1963.0,Fin,1,0,,MnPrv,133000
1083,Pave,,AllPub,70.0,2002,2002,1,Gd,Attchd,2002.0,RFn,2,0,,,192000
1084,Pave,,AllPub,80.0,1964,1964,2,Gd,Attchd,1964.0,RFn,1,0,,MnPrv,160000
1085,Pave,,AllPub,,1995,1996,1,TA,Attchd,1995.0,Fin,2,0,,,187500
1086,Pave,,AllPub,73.0,1992,1992,0,,Attchd,1992.0,Unf,2,0,,,147000
1087,Pave,,AllPub,,1973,1973,0,,Attchd,1973.0,RFn,1,0,,,83500
1088,Pave,,AllPub,85.0,2005,2006,1,Gd,Attchd,2005.0,RFn,3,0,,,252000
1089,Pave,,AllPub,24.0,2004,2004,0,,Detchd,2004.0,Unf,2,0,,,137500
1090,Pave,Pave,AllPub,37.0,2005,2005,1,Gd,Attchd,2005.0,Fin,2,0,,,197000
1091,Pave,,AllPub,60.0,1950,1950,0,,Detchd,1987.0,Unf,2,0,,,92900
1092,Pave,Pave,AllPub,24.0,1999,2000,0,,Detchd,1999.0,Unf,2,0,,,160000
1093,Pave,,AllPub,60.0,1925,1950,1,Gd,Detchd,1925.0,Unf,2,0,,,136500
1094,Pave,,AllPub,71.0,1965,1998,0,,Detchd,1977.0,Unf,2,0,,MnPrv,146000
1095,Pave,,AllPub,74.0,1956,2000,0,,Attchd,1956.0,Fin,1,0,,,129000
1096,Pave,,AllPub,78.0,2006,2006,1,Gd,Attchd,2006.0,RFn,2,0,,,176432
1097,Pave,,AllPub,60.0,1914,2006,0,,,,,0,0,,,127000
1098,Pave,,AllPub,,1986,1986,0,,Attchd,1987.0,RFn,2,0,,,170000
1099,Pave,,AllPub,50.0,1936,1950,0,,Detchd,1936.0,Unf,1,0,,,128000
1100,Pave,,AllPub,82.0,1978,1978,1,TA,Attchd,1978.0,RFn,2,0,,,157000
1101,Pave,,AllPub,60.0,1920,1950,0,,Detchd,1930.0,Unf,1,0,,,60000
1102,Pave,,AllPub,61.0,1971,1971,0,,Detchd,1981.0,Unf,1,0,,,119500
1103,Pave,,AllPub,70.0,1960,2002,0,,Attchd,1960.0,RFn,1,0,,MnWw,135000
1104,Pave,,AllPub,79.0,1959,1959,1,Fa,BuiltIn,1954.0,Fin,2,0,,,159500
1105,Pave,,AllPub,24.0,1970,1970,0,,Detchd,1970.0,Unf,2,0,,,106000
1106,Pave,,AllPub,98.0,1994,1995,2,TA,Attchd,1994.0,RFn,2,0,,,325000
1107,Pave,,AllPub,114.0,1990,1991,1,TA,Attchd,1990.0,Fin,2,0,,,179900
1108,Pave,,AllPub,168.0,2006,2006,1,Gd,BuiltIn,2006.0,RFn,2,0,,,274725
1109,Pave,,AllPub,,2000,2000,1,TA,Attchd,2000.0,RFn,2,0,,,181000
1110,Pave,,AllPub,107.0,2004,2005,1,Gd,Attchd,2004.0,Fin,3,0,,,280000
1111,Pave,,AllPub,,1995,1996,1,TA,Attchd,1995.0,Fin,2,0,,,188000
1112,Pave,,AllPub,80.0,1976,1976,1,Gd,Attchd,1976.0,RFn,2,0,,,205000
1113,Pave,,AllPub,73.0,1957,1957,0,,Detchd,1957.0,Unf,1,0,,,129900
1114,Pave,,AllPub,66.0,1953,2006,0,,Attchd,1953.0,Unf,1,0,,,134500
1115,Pave,,AllPub,90.0,1954,2000,0,,Detchd,1955.0,Unf,1,0,,MnPrv,117000
1116,Pave,,AllPub,93.0,2007,2007,1,Gd,Attchd,2007.0,RFn,3,0,,,318000
1117,Pave,,AllPub,,2002,2002,1,TA,BuiltIn,2002.0,Fin,2,0,,,184100
1118,Pave,,AllPub,57.0,1967,2003,0,,Attchd,1967.0,RFn,2,0,,,130000
1119,Pave,,AllPub,85.0,1958,1987,0,,BuiltIn,1958.0,RFn,1,0,,,140000
1120,Pave,,AllPub,70.0,1959,1959,0,,Attchd,1959.0,RFn,1,0,,GdWo,133700
1121,Pave,,AllPub,59.0,1920,1950,1,Gd,Detchd,1920.0,Unf,1,0,,MnPrv,118400
1122,Pave,,AllPub,84.0,2005,2006,0,,Attchd,2005.0,RFn,3,0,,,212900
1123,Pave,,AllPub,,1956,1956,0,,Basment,1956.0,Unf,1,0,,MnPrv,112000
1124,Pave,,AllPub,50.0,1947,2008,0,,,,,0,0,,,118000
1125,Pave,,AllPub,,1992,1992,1,TA,Attchd,1992.0,Fin,2,0,,,163900
1126,Pave,,AllPub,60.0,1955,1955,1,TA,Detchd,1977.0,Unf,2,0,,,115000
1127,Pave,,AllPub,53.0,2007,2007,1,TA,Attchd,2007.0,Fin,3,0,,,174000
1128,Pave,,AllPub,182.0,2004,2004,1,Gd,Attchd,2004.0,Fin,3,0,,,259000
1129,Pave,,AllPub,59.0,2004,2005,1,Gd,BuiltIn,2004.0,Fin,2,0,,,215000
1130,Pave,Grvl,AllPub,60.0,1980,1980,0,,Detchd,1980.0,Unf,2,0,,,140000
1131,Pave,,AllPub,65.0,1928,1950,2,TA,Detchd,1981.0,Unf,2,0,,MnPrv,135000
1132,Pave,,AllPub,63.0,1991,1992,0,,,,,0,0,,MnPrv,93500
1133,Pave,,AllPub,90.0,1880,1950,0,,Detchd,1930.0,Unf,1,0,,,117500
1134,Pave,,AllPub,80.0,1995,1995,1,TA,Attchd,1995.0,RFn,2,0,,,239500
1135,Pave,,AllPub,57.0,1997,1997,1,TA,Attchd,1997.0,Fin,2,0,,,169000
1136,Pave,,AllPub,60.0,1926,1950,1,Gd,Detchd,1926.0,Unf,1,0,,,102000
1137,Pave,,AllPub,80.0,1950,1950,0,,Attchd,1950.0,Unf,1,0,,,119000
1138,Pave,,AllPub,54.0,1875,1996,0,,,,,0,0,,,94000
1139,Pave,,AllPub,,1977,1977,2,TA,Attchd,1977.0,RFn,2,0,,,196000
1140,Pave,,AllPub,98.0,1920,1950,1,Gd,Detchd,1972.0,Unf,2,0,,,144000
1141,Pave,,AllPub,60.0,1951,1951,0,,Detchd,1988.0,Unf,2,0,,,139000
1142,Pave,,AllPub,,1976,1976,1,TA,Attchd,1976.0,Unf,2,0,,,197500
1143,Pave,,AllPub,77.0,2006,2007,1,TA,BuiltIn,2006.0,RFn,3,0,,,424870
1144,Pave,,AllPub,,1959,1959,0,,,,,0,0,,,80000
1145,Pave,,AllPub,60.0,1941,1950,0,,Detchd,1941.0,Unf,1,0,,MnPrv,80000
1146,Pave,,AllPub,52.0,1928,1950,1,Gd,Detchd,1928.0,Unf,1,0,,,149000
1147,Pave,,AllPub,,1985,1985,1,TA,Attchd,1985.0,Unf,2,0,,,180000
1148,Pave,,AllPub,75.0,1941,1950,1,Gd,Attchd,1941.0,Unf,1,0,,,174500
1149,Pave,,AllPub,,1926,1950,1,Gd,Detchd,1982.0,Unf,1,0,,,116900
1150,Pave,,AllPub,50.0,1920,1988,0,,Detchd,1930.0,Unf,2,0,,,143000
1151,Pave,,AllPub,57.0,1950,1950,1,Gd,Attchd,1950.0,Unf,1,0,,GdPrv,124000
1152,Pave,,AllPub,134.0,1959,1959,2,Gd,Attchd,1959.0,Fin,2,0,,,149900
1153,Pave,,AllPub,90.0,1956,2004,1,Gd,Attchd,1956.0,Fin,2,0,,,230000
1154,Pave,,AllPub,,1930,2007,0,,Detchd,2002.0,Unf,1,0,,,120500
1155,Pave,,AllPub,,1965,1988,2,Gd,Attchd,1965.0,Unf,2,0,,GdPrv,201800
1156,Pave,,AllPub,90.0,1976,2004,1,Fa,Attchd,1976.0,RFn,2,0,,,218000
1157,Pave,,AllPub,85.0,1965,1999,1,Gd,Attchd,1965.0,RFn,2,0,,MnPrv,179900
1158,Pave,,AllPub,34.0,2007,2008,1,Gd,Attchd,2008.0,RFn,2,0,,,230000
1159,Pave,,AllPub,92.0,2007,2008,0,,Attchd,2008.0,RFn,3,0,,,235128
1160,Pave,,AllPub,76.0,1974,1974,1,TA,Attchd,1974.0,RFn,2,0,,,185000
1161,Pave,,AllPub,24.0,1978,1978,1,TA,Attchd,1978.0,Unf,2,0,,,146000
1162,Pave,,AllPub,,1954,2006,1,Gd,Detchd,1993.0,Unf,2,0,,,224000
1163,Pave,,AllPub,109.0,1968,1968,1,Po,Attchd,1968.0,Fin,2,0,,,129000
1164,Pave,,AllPub,60.0,1969,1969,0,,CarPort,1969.0,Unf,2,0,,,108959
1165,Pave,,AllPub,,1978,1978,1,TA,Attchd,1978.0,Unf,2,0,,,194000
1166,Pave,,AllPub,79.0,2009,2009,0,,Attchd,2009.0,RFn,2,0,,,233170
1167,Pave,,AllPub,64.0,2008,2008,0,,Attchd,2008.0,RFn,3,0,,,245350
1168,Pave,,AllPub,58.0,2000,2000,1,TA,Attchd,2000.0,Fin,2,0,,,173000
1169,Pave,,AllPub,120.0,1935,1986,2,TA,Basment,1935.0,Unf,2,0,,,235000
1170,Pave,,AllPub,118.0,1995,1996,1,TA,Attchd,1995.0,Fin,3,0,,,625000
1171,Pave,,AllPub,76.0,1977,1977,1,Po,Attchd,1977.0,Fin,1,576,Gd,GdPrv,171000
1172,Pave,,AllPub,76.0,1958,1958,1,TA,Attchd,1958.0,RFn,2,0,,,163000
1173,Pave,Pave,AllPub,35.0,2006,2007,0,,Detchd,2006.0,Fin,2,0,,,171900
1174,Pave,,AllPub,138.0,1946,1994,1,Gd,,,,0,0,,MnPrv,200500
1175,Pave,,AllPub,80.0,1932,1950,1,Gd,Detchd,1932.0,Unf,2,0,,,239000
1176,Pave,,AllPub,85.0,1992,2000,1,TA,Attchd,1992.0,Fin,2,0,,,285000
1177,Pave,,AllPub,37.0,1984,1985,0,,Attchd,1984.0,Unf,1,0,,MnPrv,119500
1178,Pave,Grvl,AllPub,,1926,2004,0,,Detchd,1926.0,Unf,1,0,,,115000
1179,Pave,,AllPub,54.0,1921,1950,1,Gd,Detchd,1921.0,Unf,1,0,,,154900
1180,Pave,,AllPub,77.0,1954,1954,1,Gd,,,,0,0,,,93000
1181,Pave,,AllPub,,1990,1991,0,,Attchd,1990.0,Fin,2,0,,GdPrv,250000
1182,Pave,,AllPub,64.0,2008,2008,1,Gd,Attchd,2008.0,Fin,2,0,,,392500
1183,Pave,,AllPub,160.0,1996,1996,2,TA,Attchd,1996.0,Fin,3,555,Ex,MnPrv,745000
1184,Pave,Grvl,AllPub,60.0,1920,1950,1,Gd,Detchd,1970.0,Unf,2,0,,,120000
1185,Grvl,,AllPub,50.0,1963,1963,2,TA,2Types,1963.0,RFn,3,0,,,186700
1186,Pave,,AllPub,60.0,1924,1950,0,,Attchd,1965.0,Unf,1,0,,,104900
1187,Pave,,AllPub,107.0,1900,1970,0,,CarPort,1920.0,Unf,2,0,,,95000
1188,Pave,,AllPub,89.0,1994,1995,1,Fa,Attchd,1994.0,RFn,3,0,,GdPrv,262000
1189,Pave,,AllPub,68.0,2002,2002,0,,Attchd,2002.0,RFn,2,0,,,195000
1190,Pave,,AllPub,60.0,1999,1999,1,TA,Attchd,1999.0,Fin,2,0,,,189000
1191,Pave,,AllPub,,1961,1975,1,TA,2Types,1975.0,Fin,4,0,,,168000
1192,Pave,Pave,AllPub,24.0,1999,2000,0,,Detchd,1999.0,Unf,2,0,,,174000
1193,Pave,Grvl,AllPub,60.0,1925,1994,0,,Detchd,1925.0,Unf,1,0,,GdWo,125000
1194,Pave,,AllPub,,1999,1999,0,,Attchd,1999.0,Fin,2,0,,,165000
1195,Pave,,AllPub,80.0,1969,1969,0,,Attchd,1969.0,Fin,1,0,,MnPrv,158000
1196,Pave,,AllPub,51.0,2005,2005,0,,Attchd,2005.0,Fin,2,0,,,176000
1197,Pave,,AllPub,58.0,2006,2006,1,Gd,BuiltIn,2006.0,Fin,3,0,,,219210
1198,Pave,,AllPub,65.0,1916,1950,1,Gd,Detchd,1916.0,Unf,1,0,,,144000
1199,Pave,,AllPub,70.0,2001,2001,0,,Attchd,2001.0,RFn,2,0,,,178000
1200,Pave,,AllPub,75.0,1963,1979,1,Po,Attchd,1974.0,Unf,2,0,,,148000
1201,Pave,,AllPub,71.0,1970,1970,0,,Attchd,1972.0,Unf,1,0,,,116050
1202,Pave,,AllPub,80.0,1998,1998,0,,Attchd,1998.0,RFn,2,0,,,197900
1203,Pave,,AllPub,50.0,1925,1997,1,Fa,Detchd,1960.0,Unf,1,0,,,117000
1204,Pave,,AllPub,75.0,2000,2001,1,TA,Attchd,2000.0,Unf,2,0,,,213000
1205,Pave,,AllPub,78.0,1975,1975,0,,Attchd,1975.0,RFn,2,0,,MnPrv,153500
1206,Pave,,AllPub,90.0,1990,1991,1,TA,Attchd,1990.0,RFn,3,0,,,271900
1207,Pave,,AllPub,,1966,1966,0,,Detchd,1966.0,Unf,1,0,,MnPrv,107000
1208,Pave,,AllPub,70.0,2003,2003,0,,Attchd,2003.0,RFn,2,0,,,200000
1209,Pave,,AllPub,70.0,1962,1980,0,,Detchd,1980.0,Unf,2,0,,,140000
1210,Pave,,AllPub,85.0,2006,2006,1,Gd,Attchd,2006.0,RFn,2,0,,,290000
1211,Pave,,AllPub,70.0,1992,1992,1,TA,Attchd,1992.0,RFn,2,0,,GdPrv,189000
1212,Pave,,AllPub,152.0,1988,2005,0,,Basment,1988.0,RFn,2,0,,,164000
1213,Pave,,AllPub,50.0,1941,1950,0,,Attchd,1941.0,Unf,1,0,,,113000
1214,Pave,,AllPub,,1965,2001,0,,Attchd,1965.0,Unf,1,0,,,145000
1215,Pave,,AllPub,69.0,1962,1962,0,,Attchd,1962.0,Unf,1,0,,,134500
1216,Pave,,AllPub,99.0,1966,1966,0,,Detchd,1966.0,RFn,1,0,,MnPrv,125000
1217,Pave,,AllPub,68.0,1978,1978,0,,Attchd,1978.0,Unf,2,0,,,112000
1218,Pave,,AllPub,72.0,2009,2009,0,,Attchd,2009.0,RFn,2,0,,,229456
1219,Pave,,AllPub,52.0,1947,1950,0,,,,,0,0,,,80500
1220,Pave,,AllPub,21.0,1971,1971,0,,,,,0,0,,,91500
1221,Pave,,AllPub,66.0,1964,1964,0,,Attchd,1964.0,Unf,1,0,,,115000
1222,Pave,,AllPub,55.0,1968,1968,1,TA,Attchd,1968.0,Unf,1,0,,,134000
1223,Pave,,AllPub,78.0,1949,1950,1,Gd,Attchd,1949.0,Unf,1,0,,GdWo,143000
1224,Pave,,AllPub,89.0,1951,1951,0,,Detchd,1951.0,Unf,2,0,,MnPrv,137900
1225,Pave,,AllPub,60.0,2004,2005,1,Gd,Attchd,2004.0,Fin,2,0,,,184000
1226,Pave,,AllPub,65.0,1958,1958,0,,Attchd,1958.0,RFn,1,0,,MnWw,145000
1227,Pave,,AllPub,86.0,2007,2007,1,Gd,BuiltIn,2007.0,Fin,3,0,,,214000
1228,Pave,,AllPub,72.0,1965,2008,0,,Detchd,1992.0,Unf,2,0,,,147000
1229,Pave,,AllPub,65.0,2008,2008,1,Gd,Attchd,2008.0,Fin,3,0,,,367294
1230,Pave,,AllPub,70.0,1960,1960,0,,Basment,1960.0,Unf,1,0,,GdWo,127000
1231,Pave,,AllPub,,1977,1977,1,TA,BuiltIn,1977.0,RFn,2,0,,,190000
1232,Pave,,AllPub,70.0,1962,1962,0,,Attchd,1962.0,Unf,2,0,,GdWo,132500
1233,Pave,,AllPub,70.0,1962,1962,0,,CarPort,1962.0,Unf,2,0,,,101800
1234,Pave,,AllPub,,1959,1959,0,,Attchd,1959.0,RFn,2,0,,MnPrv,142000
1235,Pave,,AllPub,55.0,1911,1950,0,,,,,0,0,,,130000
1236,Pave,,AllPub,96.0,1914,1950,0,,Detchd,1914.0,Unf,1,0,,,138887
1237,Pave,,AllPub,36.0,2003,2003,0,,BuiltIn,2003.0,RFn,2,0,,,175500
1238,Pave,,AllPub,41.0,2004,2005,1,Gd,BuiltIn,2004.0,Fin,2,0,,,195000
1239,Pave,,AllPub,63.0,2005,2005,0,,Detchd,2005.0,Unf,2,0,,,142500
1240,Pave,,AllPub,64.0,2006,2006,1,Gd,Attchd,2006.0,RFn,2,0,,,265900
1241,Pave,,AllPub,65.0,2003,2003,0,,Attchd,2003.0,RFn,2,0,,,224900
1242,Pave,,AllPub,83.0,2007,2007,0,,Attchd,2007.0,RFn,3,0,,,248328
1243,Pave,,AllPub,85.0,1974,1974,2,TA,Attchd,1974.0,RFn,2,0,,MnPrv,170000
1244,Pave,,AllPub,107.0,2006,2006,1,Gd,Attchd,2006.0,Fin,3,0,,,465000
1245,Pave,,AllPub,,1929,1950,2,Gd,Detchd,1931.0,Unf,2,0,,,230000
1246,Pave,,AllPub,78.0,1984,2003,1,TA,BuiltIn,1984.0,Fin,2,0,,,178000
1247,Pave,,AllPub,65.0,2005,2006,0,,Attchd,2005.0,RFn,2,0,,,186500
1248,Pave,,AllPub,,1976,1976,0,,Attchd,1976.0,Unf,3,0,,,169900
1249,Pave,Grvl,AllPub,60.0,1917,1950,1,Gd,Detchd,1950.0,Unf,2,0,,,129500
1250,Pave,,AllPub,60.0,1950,1950,0,,Attchd,1950.0,Unf,1,0,,,119000
1251,Pave,,AllPub,93.0,1968,1968,2,TA,Attchd,1968.0,Fin,2,0,,,244000
1252,Pave,,AllPub,,2003,2003,1,Gd,Attchd,2003.0,RFn,2,0,,,171750
1253,Pave,,AllPub,62.0,1968,1968,0,,Attchd,1968.0,RFn,1,0,,GdWo,130000
1254,Pave,,AllPub,,1974,2003,2,Gd,Attchd,1974.0,RFn,2,0,,MnPrv,294000
1255,Pave,,AllPub,60.0,2003,2004,1,Gd,BuiltIn,2003.0,Fin,2,0,,,165400
1256,Pave,,AllPub,52.0,1931,1950,1,Gd,Detchd,1978.0,Unf,1,0,,,127500
1257,Pave,,AllPub,91.0,1994,1994,1,TA,Attchd,1994.0,Fin,2,0,,,301500
1258,Pave,,AllPub,56.0,1922,1950,0,,,,,0,0,,,99900
1259,Pave,,AllPub,59.0,2005,2005,0,,Attchd,2005.0,Fin,2,0,,,190000
1260,Pave,,AllPub,65.0,1969,1969,0,,Attchd,1969.0,Unf,2,0,,,151000
1261,Pave,,AllPub,,1999,1999,1,TA,BuiltIn,1999.0,Fin,2,0,,,181000
1262,Pave,,AllPub,80.0,1956,1956,0,,Attchd,1956.0,Unf,1,0,,,128900
1263,Pave,,AllPub,,1957,1989,2,TA,Attchd,1957.0,Unf,1,0,,,161500
1264,Pave,Pave,AllPub,60.0,1919,1950,1,Gd,Detchd,1940.0,Unf,2,0,,GdPrv,180500
1265,Pave,,AllPub,34.0,1998,1999,0,,Attchd,1998.0,Fin,2,0,,,181000
1266,Pave,,AllPub,35.0,1999,1999,0,,Detchd,1999.0,Unf,2,0,,,183900
1267,Pave,,AllPub,60.0,1910,1950,1,Gd,Detchd,1960.0,Unf,1,0,,MnPrv,122000
1268,Pave,,AllPub,89.0,2008,2009,1,Gd,Attchd,2009.0,Fin,3,0,,,378500
1269,Pave,,AllPub,,1935,1997,2,Gd,BuiltIn,1982.0,Unf,3,0,,GdWo,381000
1270,Pave,,AllPub,78.0,1958,1958,0,,Attchd,1958.0,Unf,1,0,,GdWo,144000
1271,Pave,,AllPub,,1979,1979,1,TA,Attchd,1979.0,Fin,2,0,,,260000
1272,Pave,,AllPub,,1968,1968,1,Gd,Attchd,1968.0,RFn,2,0,,,185750
1273,Pave,,AllPub,,1965,1965,0,,Attchd,1965.0,Unf,1,0,,MnPrv,137000
1274,Pave,,AllPub,124.0,1959,2006,1,Gd,Basment,1959.0,RFn,1,0,,GdPrv,177000
1275,Pave,,AllPub,53.0,1910,2003,1,Gd,Detchd,1985.0,Unf,2,0,,,139000
1276,Pave,,AllPub,95.0,1948,1950,0,,Detchd,1948.0,Unf,2,0,,,137000
1277,Pave,,AllPub,,1972,1972,1,TA,Attchd,1972.0,Unf,2,0,,,162000
1278,Pave,,AllPub,,1967,1976,1,Gd,Attchd,1967.0,RFn,2,0,,,197900
1279,Pave,,AllPub,75.0,2002,2002,1,Gd,Attchd,2002.0,RFn,2,0,,,237000
1280,Pave,,AllPub,60.0,1920,1950,0,,Detchd,1980.0,RFn,2,0,,,68400
1281,Pave,,AllPub,67.0,2002,2002,0,,Attchd,2002.0,RFn,2,0,,,227000
1282,Pave,,AllPub,50.0,1990,1990,1,TA,Attchd,1990.0,Fin,2,0,,,180000
1283,Pave,,AllPub,61.0,1977,2008,0,,Detchd,1977.0,Unf,2,0,,,150500
1284,Pave,,AllPub,94.0,1971,1971,0,,,,,0,0,,,139000
1285,Pave,,AllPub,50.0,1919,1990,1,Gd,Detchd,1969.0,Unf,1,0,,,169000
1286,Pave,,AllPub,50.0,1939,1950,1,Gd,Detchd,1939.0,Unf,1,0,,,132500
1287,Pave,,AllPub,,1963,1963,2,Gd,Attchd,1963.0,Unf,2,0,,,143000
1288,Pave,,AllPub,,1964,1964,0,,Attchd,1964.0,Unf,2,0,,,190000
1289,Pave,,AllPub,40.0,2000,2000,1,Ex,Attchd,2000.0,Fin,2,0,,,278000
1290,Pave,,AllPub,86.0,2006,2006,1,Gd,BuiltIn,2006.0,Fin,3,0,,,281000
1291,Pave,,AllPub,,1964,1964,1,Gd,Attchd,1964.0,RFn,2,0,,,180500
1292,Pave,,AllPub,21.0,1972,1972,0,,Detchd,1972.0,Unf,1,0,,,119500
1293,Pave,,AllPub,60.0,1892,1965,0,,Attchd,1985.0,RFn,1,0,,,107500
1294,Pave,,AllPub,78.0,1976,1976,1,TA,Attchd,1976.0,RFn,2,0,,GdWo,162900
1295,Pave,,AllPub,60.0,1955,1990,0,,Detchd,1957.0,Unf,2,0,,,115000
1296,Pave,,AllPub,70.0,1968,1968,0,,Attchd,1968.0,RFn,1,0,,GdWo,138500
1297,Pave,,AllPub,80.0,1963,1963,0,,Attchd,1963.0,RFn,2,0,,MnPrv,155000
1298,Pave,,AllPub,35.0,2005,2006,0,,Basment,2005.0,Fin,2,0,,,140000
1299,Pave,,AllPub,313.0,2008,2008,3,Gd,Attchd,2008.0,Fin,2,480,Gd,,160000
1300,Pave,,AllPub,75.0,1959,1994,0,,Attchd,1959.0,RFn,1,0,,GdPrv,154000
1301,Pave,,AllPub,,1999,1999,1,TA,Attchd,1999.0,Fin,2,0,,,225000
1302,Pave,,AllPub,,1942,1950,2,Gd,Attchd,1942.0,Unf,1,0,,,177500
1303,Pave,,AllPub,92.0,1994,1994,1,TA,Attchd,1994.0,RFn,3,0,,,290000
1304,Pave,,AllPub,73.0,2005,2005,0,,Attchd,2005.0,RFn,3,0,,,232000
1305,Pave,,AllPub,32.0,2004,2004,0,,Detchd,2004.0,Unf,2,0,,,130000
1306,Pave,,AllPub,108.0,2006,2007,2,Ex,Attchd,2006.0,Fin,2,0,,,325000
1307,Pave,,AllPub,48.0,2005,2006,1,Gd,Attchd,2005.0,RFn,2,0,,,202500
1308,Pave,,AllPub,60.0,1994,1995,0,,Detchd,2000.0,Unf,2,0,,,138000
1309,Pave,,AllPub,100.0,1948,2005,0,,Attchd,1948.0,Unf,2,0,,GdWo,147000
1310,Pave,,AllPub,,1991,1991,0,,Attchd,1991.0,RFn,2,0,,GdWo,179200
1311,Pave,,AllPub,100.0,1959,2002,2,TA,Attchd,1959.0,Fin,2,0,,,335000
1312,Pave,,AllPub,68.0,2005,2007,0,,Attchd,2005.0,RFn,2,0,,,203000
1313,Pave,,AllPub,,1990,1990,1,Ex,Attchd,1990.0,RFn,2,0,,,302000
1314,Pave,,AllPub,108.0,1999,1999,1,TA,BuiltIn,1999.0,Fin,3,0,,,333168
1315,Pave,,AllPub,60.0,1954,1954,1,TA,Detchd,1956.0,Unf,1,0,,,119000
1316,Pave,,AllPub,85.0,1969,1969,2,Gd,Attchd,1969.0,Unf,2,0,,,206900
1317,Pave,,AllPub,61.0,2008,2008,1,Gd,Attchd,2008.0,RFn,3,0,,,295493
1318,Pave,Pave,AllPub,47.0,2006,2007,1,Gd,Attchd,2006.0,RFn,2,0,,,208900
1319,Pave,,AllPub,,2001,2002,1,TA,Attchd,2001.0,RFn,3,0,,,275000
1320,Pave,,AllPub,75.0,1954,1954,0,,Attchd,1954.0,Unf,1,0,,,111000
1321,Pave,,AllPub,70.0,1957,1957,2,Gd,Attchd,1957.0,RFn,2,0,,,156500
1322,Pave,,AllPub,,1949,1950,0,,Detchd,1955.0,Unf,1,0,,,72500
1323,Pave,,AllPub,107.0,1992,1992,1,TA,Attchd,1992.0,RFn,2,0,,,190000
1324,Pave,,AllPub,50.0,1940,1950,0,,,,,0,0,,,82500
1325,Pave,,AllPub,75.0,2006,2007,1,Gd,Attchd,2007.0,RFn,3,0,,,147000
1326,Pave,,AllPub,40.0,1922,1950,0,,,,,0,0,,MnPrv,55000
1327,Pave,,AllPub,70.0,1931,2006,0,,,,,0,0,,,79000
1328,Pave,,AllPub,60.0,1982,2008,1,Ex,Attchd,1982.0,Unf,1,0,,MnPrv,130500
1329,Pave,Grvl,AllPub,60.0,1920,1950,2,TA,Detchd,1920.0,Unf,2,0,,MnPrv,256000
1330,Pave,,AllPub,63.0,1998,1998,1,TA,Attchd,1998.0,Fin,2,0,,,176500
1331,Pave,,AllPub,85.0,2006,2006,1,Gd,Attchd,2006.0,RFn,3,0,,,227000
1332,Pave,,AllPub,55.0,1976,1976,0,,Detchd,1976.0,Unf,2,0,,,132500
1333,Pave,,AllPub,67.0,1938,1958,1,Gd,Detchd,1958.0,Unf,1,0,,,100000
1334,Pave,,AllPub,60.0,1938,1995,0,,Detchd,1951.0,Unf,1,0,,MnPrv,125500
1335,Pave,,AllPub,24.0,1970,1970,0,,Attchd,1970.0,Unf,2,0,,,125000
1336,Pave,,AllPub,80.0,1977,1977,1,TA,Attchd,1977.0,RFn,2,0,,,167900
1337,Pave,,AllPub,87.0,1973,1973,0,,Detchd,1973.0,Unf,2,0,,,135000
1338,Pave,Grvl,AllPub,153.0,1941,1950,0,,,,,0,0,,,52500
1339,Pave,,AllPub,95.0,2002,2002,0,,BuiltIn,2002.0,RFn,2,0,,,200000
1340,Pave,,AllPub,120.0,1972,1972,0,,Attchd,1972.0,RFn,1,0,,,128500
1341,Pave,,AllPub,70.0,1971,1971,0,,Detchd,1974.0,Unf,4,0,,GdWo,123000
1342,Pave,,AllPub,66.0,2003,2004,0,,Detchd,2004.0,Unf,2,0,,,155000
1343,Pave,,AllPub,,2002,2002,1,Gd,Attchd,2002.0,RFn,2,0,,,228500
1344,Pave,,AllPub,57.0,1928,1950,1,TA,Detchd,1929.0,Unf,2,0,,,177000
1345,Pave,,AllPub,85.0,2006,2006,1,TA,Attchd,2006.0,Fin,2,0,,,155835
1346,Pave,,AllPub,50.0,1920,1950,0,,Detchd,1997.0,Unf,1,0,,,108500
1347,Pave,,AllPub,,1968,2003,1,Gd,Attchd,1968.0,RFn,2,0,,,262500
1348,Pave,,AllPub,93.0,2006,2007,1,Gd,Attchd,2006.0,Fin,3,0,,,283463
1349,Pave,,AllPub,,1998,1998,1,Fa,Attchd,1998.0,RFn,2,0,,,215000
1350,Pave,Pave,AllPub,50.0,1872,1987,0,,,,,0,0,,,122000
1351,Pave,,AllPub,91.0,1969,1969,0,,Detchd,1969.0,Unf,4,0,,,200000
1352,Pave,,AllPub,70.0,1962,1962,1,Gd,Attchd,1962.0,Fin,2,0,,,171000
1353,Pave,,AllPub,50.0,1937,2000,0,,Detchd,1999.0,Unf,2,0,,,134900
1354,Pave,,AllPub,56.0,1995,1996,1,Ex,Attchd,1996.0,Fin,3,0,,,410000
1355,Pave,,AllPub,,2000,2000,1,TA,Attchd,2000.0,RFn,3,0,,,235000
1356,Pave,,AllPub,102.0,1968,1992,1,TA,Attchd,1968.0,RFn,2,0,,GdPrv,170000
1357,Pave,,AllPub,,1966,1966,0,,Attchd,1966.0,RFn,1,0,,GdWo,110000
1358,Pave,,AllPub,,1971,2008,1,Fa,Attchd,1971.0,Fin,2,0,,,149900
1359,Pave,,AllPub,,2000,2000,0,,Detchd,2000.0,Unf,2,0,,,177500
1360,Pave,,AllPub,129.0,2004,2005,1,Gd,Attchd,2004.0,Fin,3,0,,,315000
1361,Pave,,AllPub,51.0,1921,1998,0,,BuiltIn,1998.0,RFn,2,0,,,189000
1362,Pave,,AllPub,124.0,2005,2005,1,Gd,Attchd,2005.0,Fin,2,0,,,260000
1363,Pave,,AllPub,,1920,2007,1,Gd,Attchd,1920.0,Unf,1,0,,,104900
1364,Pave,,AllPub,73.0,2006,2007,1,Gd,BuiltIn,2007.0,Fin,2,0,,,156932
1365,Pave,Pave,AllPub,30.0,2005,2005,0,,Detchd,2005.0,RFn,2,0,,,144152
1366,Pave,,AllPub,,2000,2000,0,,Attchd,2000.0,RFn,2,0,,,216000
1367,Pave,,AllPub,68.0,1999,1999,0,,Attchd,1999.0,RFn,2,0,,,193000
1368,Pave,,AllPub,41.0,1977,1977,1,TA,Attchd,1977.0,RFn,1,0,,,127000
1369,Pave,,AllPub,,2003,2004,0,,Attchd,2003.0,Fin,2,0,,,144000
1370,Pave,,AllPub,48.0,2003,2003,1,TA,Attchd,2003.0,Fin,2,0,,,232000
1371,Pave,,AllPub,90.0,1920,1950,0,,Detchd,1967.0,Fin,1,0,,,105000
1372,Pave,,AllPub,80.0,1955,1996,1,TA,BuiltIn,1955.0,RFn,1,0,,MnPrv,165500
1373,Pave,,AllPub,75.0,1998,1998,1,TA,Detchd,1998.0,RFn,2,0,,,274300
1374,Pave,,AllPub,,2001,2002,2,Gd,Attchd,2001.0,RFn,3,0,,,466500
1375,Pave,,AllPub,85.0,2005,2005,1,Gd,Attchd,2005.0,Fin,3,0,,,250000
1376,Pave,,AllPub,89.0,2007,2007,1,Gd,Attchd,2007.0,Fin,3,0,,,239000
1377,Pave,,AllPub,52.0,1930,1950,0,,Detchd,1925.0,Unf,1,0,,,91000
1378,Pave,Grvl,AllPub,60.0,1941,1960,0,,Detchd,1977.0,Unf,2,0,,,117000
1379,Pave,,AllPub,21.0,1973,1973,0,,Detchd,1973.0,Unf,1,0,,,83000
1380,Pave,,AllPub,73.0,2006,2007,0,,BuiltIn,2007.0,Fin,2,0,,,167500
1381,Pave,Grvl,AllPub,45.0,1914,1950,0,,Detchd,1938.0,Unf,1,0,,,58500
1382,Pave,,AllPub,,1970,1970,2,Gd,Attchd,1970.0,Fin,2,0,,,237500
1383,Pave,,AllPub,60.0,1920,1950,0,,Detchd,1989.0,Unf,2,0,,,157000
1384,Pave,,AllPub,,1918,2007,0,,Attchd,2007.0,Unf,2,0,,,112000
1385,Pave,,AllPub,60.0,1939,1950,0,,Detchd,1939.0,Unf,1,0,,MnPrv,105000
1386,Pave,,AllPub,40.0,1922,2007,0,,Detchd,1922.0,Unf,1,0,,MnPrv,125500
1387,Pave,,AllPub,80.0,1978,1978,2,TA,Attchd,1978.0,RFn,2,519,Fa,MnPrv,250000
1388,Pave,Grvl,AllPub,60.0,1916,1950,1,Gd,Detchd,1916.0,Unf,1,0,,GdWo,136000
1389,Pave,,AllPub,42.0,2006,2007,2,Gd,Attchd,2006.0,Fin,3,0,,,377500
1390,Pave,,AllPub,60.0,1941,1950,1,Gd,Detchd,2003.0,Unf,2,0,,,131000
1391,Pave,,AllPub,70.0,2000,2000,0,,Attchd,2000.0,RFn,2,0,,,235000
1392,Pave,,AllPub,65.0,1967,1967,0,,Detchd,1967.0,Unf,3,0,,,124000
1393,Pave,,AllPub,68.0,1967,1967,1,Po,Attchd,1967.0,RFn,1,0,,MnWw,123000
1394,Pave,Pave,AllPub,60.0,1905,2000,1,TA,Detchd,2003.0,Unf,2,0,,,163000
1395,Pave,,AllPub,53.0,2006,2006,1,Gd,Attchd,2006.0,Fin,3,0,,,246578
1396,Pave,,AllPub,88.0,2005,2006,1,Gd,BuiltIn,2005.0,Fin,3,0,,,281213
1397,Pave,,AllPub,,1948,1950,2,TA,Detchd,1966.0,Unf,2,0,,,160000
1398,Pave,,AllPub,51.0,1920,2004,0,,Detchd,1933.0,Unf,1,0,,,137500
1399,Pave,,AllPub,60.0,1950,1982,0,,Attchd,1950.0,Unf,1,0,,GdPrv,138000
1400,Pave,,AllPub,51.0,1925,1990,1,Gd,Detchd,1925.0,Unf,1,0,,MnPrv,137450
1401,Pave,,AllPub,50.0,1929,1950,1,Gd,BuiltIn,1929.0,RFn,1,0,,,120000
1402,Pave,,AllPub,62.0,2004,2004,1,TA,Attchd,2004.0,Fin,2,0,,,193000
1403,Pave,,AllPub,64.0,2006,2006,1,Gd,Attchd,2006.0,RFn,2,0,,,193879
1404,Pave,,AllPub,49.0,2007,2007,0,,Attchd,2007.0,Unf,3,0,,,282922
1405,Pave,Grvl,AllPub,60.0,1915,1950,0,,Detchd,1998.0,Unf,3,0,,MnPrv,105000
1406,Pave,,AllPub,44.0,2004,2005,1,Gd,Attchd,2004.0,Fin,2,0,,,275000
1407,Pave,,AllPub,70.0,1972,2007,0,,Detchd,1988.0,Unf,2,0,,MnPrv,133000
1408,Pave,,AllPub,,1985,1985,0,,,,,0,0,,MnPrv,112000
1409,Pave,,AllPub,60.0,1910,1950,0,,Detchd,1966.0,Unf,2,0,,,125500
1410,Pave,,AllPub,46.0,1986,1991,1,TA,Attchd,1986.0,Fin,2,0,,MnPrv,215000
1411,Pave,,AllPub,79.0,2001,2001,0,,Attchd,2001.0,RFn,2,0,,,230000
1412,Pave,,AllPub,80.0,1950,2005,0,,Attchd,1950.0,Unf,1,0,,MnPrv,140000
1413,Pave,,AllPub,60.0,1949,1950,0,,Detchd,1956.0,Unf,2,0,,,90000
1414,Pave,,AllPub,88.0,2005,2006,1,Gd,Attchd,2005.0,Fin,2,0,,,257000
1415,Pave,Pave,AllPub,64.0,1923,2000,1,Gd,Detchd,1922.0,Unf,2,0,,,207000
1416,Pave,,AllPub,51.0,2007,2007,1,TA,Attchd,2007.0,RFn,3,0,,,175900
1417,Pave,,AllPub,60.0,1885,1950,0,,Detchd,1971.0,Unf,2,0,,,122500
1418,Pave,,AllPub,,1998,1998,1,TA,Attchd,1998.0,Fin,3,0,,,340000
1419,Pave,,AllPub,71.0,1963,1963,0,,Detchd,1962.0,Unf,1,0,,,124000
1420,Pave,,AllPub,,1969,1969,1,TA,Attchd,1969.0,RFn,2,0,,,223000
1421,Pave,,AllPub,90.0,1968,1968,1,TA,Attchd,1968.0,RFn,2,0,,,179900
1422,Pave,,AllPub,53.0,1977,1977,1,Fa,Attchd,1977.0,RFn,2,0,,,127500
1423,Pave,,AllPub,37.0,2003,2003,0,,Attchd,2003.0,Fin,2,0,,,136500
1424,Pave,,AllPub,,1966,1966,1,Gd,Attchd,1966.0,Unf,2,738,Gd,GdPrv,274970
1425,Pave,,AllPub,,1958,1983,1,TA,Detchd,1970.0,Unf,1,0,,GdWo,144000
1426,Pave,,AllPub,80.0,1959,1959,0,,Detchd,1960.0,Unf,2,0,,,142000
1427,Pave,,AllPub,81.0,1994,1994,2,TA,Attchd,1994.0,RFn,2,0,,,271000
1428,Pave,Grvl,AllPub,60.0,1945,1950,1,TA,Attchd,1962.0,Unf,1,0,,,140000
1429,Pave,,AllPub,60.0,1940,1992,2,Gd,Attchd,1940.0,Unf,1,0,,MnPrv,119000
1430,Pave,,AllPub,,1981,1981,1,TA,Attchd,1981.0,Fin,2,0,,,182900
1431,Pave,,AllPub,60.0,2005,2005,1,Gd,BuiltIn,2005.0,Fin,2,0,,,192140
1432,Pave,,AllPub,,1976,1976,0,,Attchd,1976.0,RFn,2,0,,,143750
1433,Pave,Grvl,AllPub,60.0,1927,2007,0,,Detchd,1928.0,Unf,1,0,,,64500
1434,Pave,,AllPub,93.0,2000,2000,1,TA,Attchd,2000.0,Fin,2,0,,,186500
1435,Pave,,AllPub,80.0,1977,1977,1,Gd,Attchd,1977.0,RFn,2,0,,,160000
1436,Pave,,AllPub,80.0,1962,2005,1,Gd,Attchd,1962.0,RFn,2,0,,GdPrv,174000
1437,Pave,,AllPub,60.0,1971,1971,0,,Detchd,1974.0,Unf,2,0,,GdWo,120500
1438,Pave,,AllPub,96.0,2008,2008,1,Gd,Attchd,2008.0,Fin,3,0,,,394617
1439,Pave,,AllPub,90.0,1957,1996,0,,Attchd,1957.0,Unf,2,0,,MnPrv,149700
1440,Pave,,AllPub,80.0,1979,1979,1,TA,Attchd,1979.0,RFn,2,0,,,197000
1441,Pave,,AllPub,79.0,1922,1994,1,Gd,Detchd,1993.0,Fin,2,0,,,191000
1442,Pave,,AllPub,,2004,2004,1,TA,Attchd,2004.0,RFn,2,0,,,149300
1443,Pave,,AllPub,85.0,2008,2008,1,Ex,Attchd,2008.0,Fin,3,0,,,310000
1444,Pave,,AllPub,,1916,1950,1,Gd,Detchd,1916.0,Unf,1,0,,,121000
1445,Pave,,AllPub,63.0,2004,2004,0,,Attchd,2004.0,RFn,2,0,,,179600
1446,Pave,,AllPub,70.0,1966,1966,0,,Detchd,1990.0,Unf,1,0,,,129000
1447,Pave,,AllPub,,1962,1962,0,,Attchd,1962.0,Unf,1,0,,,157900
1448,Pave,,AllPub,80.0,1995,1996,1,TA,Attchd,1995.0,RFn,2,0,,,240000
1449,Pave,,AllPub,70.0,1910,2000,0,,Detchd,1950.0,Unf,1,0,,GdWo,112000
1450,Pave,,AllPub,21.0,1970,1970,0,,,,,0,0,,,92000
1451,Pave,,AllPub,60.0,1974,1974,0,,,,,0,0,,,136000
1452,Pave,,AllPub,78.0,2008,2009,1,Gd,Attchd,2008.0,Fin,3,0,,,287090
1453,Pave,,AllPub,35.0,2005,2005,0,,Basment,2005.0,Fin,2,0,,,145000
1454,Pave,,AllPub,90.0,2006,2006,0,,,,,0,0,,,84500
1455,Pave,Pave,AllPub,62.0,2004,2005,0,,Attchd,2004.0,RFn,2,0,,,185000
1456,Pave,,AllPub,62.0,1999,2000,1,TA,Attchd,1999.0,RFn,2,0,,,175000
1457,Pave,,AllPub,85.0,1978,1988,2,TA,Attchd,1978.0,Unf,2,0,,MnPrv,210000
1458,Pave,,AllPub,66.0,1941,2006,2,Gd,Attchd,1941.0,RFn,1,0,,GdPrv,266500
1459,Pave,,AllPub,68.0,1950,1996,0,,Attchd,1950.0,Unf,1,0,,,142125
1460,Pave,,AllPub,75.0,1965,1965,0,,Attchd,1965.0,Fin,1,0,,,147500
